timestamp_ms,acceleration_m/s²_x,acceleration_m/s²_y,acceleration_m/s²_z
1747826854344,0.5945102,2.4322844,8.829292
1747826854364,0.5336077,2.3727286,8.900445
1747826854384,0.7397335,2.3106291,9.424925
1747826854404,0.82218385,2.2154596,9.743428
1747826854424,0.76936173,2.237606,9.723526
1747826854445,0.6235399,2.3195326,9.491589
1747826854465,0.5456535,2.5246856,9.317335
1747826854484,0.48475102,2.8236616,9.07582
1747826854504,0.5065233,3.1206923,8.822185
1747826854524,0.6218939,3.3019783,8.672696
1747826854544,0.7053917,3.4150295,8.621895
1747826854564,0.8602666,3.5599535,8.74976
1747826854584,0.9568577,3.5654151,8.957682
1747826854604,0.9931448,3.5748425,9.34412
1747826854624,1.1075428,3.4935143,9.645565
1747826854644,0.986037,3.5190275,9.436522
1747826854664,0.7744494,3.6198833,9.4868
1747826854675,0.7009774,3.5549407,9.647735
1747826854705,0.3198504,3.3576434,9.726818
1747826854725,0.07639,3.5315971,9.478121
1747826854745,0.03247136,3.5366848,9.512388
1747826854765,0.071975686,3.546187,9.871443
1747826854785,0.12674305,3.483788,10.231995
1747826854805,-0.010324995,3.3270426,10.406697
1747826854825,-0.024839843,3.2894087,10.643349
1747826854845,-0.0017956513,3.205836,10.486379
1747826854866,0.13160628,3.3539026,10.268432
1747826854885,0.023567922,3.3716345,9.987412
1747826854895,-0.06778584,3.3901148,9.929802
1747826854936,-0.013766659,3.6233997,10.150817
1747826854955,-0.27331308,3.7983263,9.844434
1747826854975,-0.081776954,3.7809682,9.490241
1747826854996,0.19767128,3.515586,9.506252
1747826855016,0.27308863,3.0294132,11.038991
1747826855036,0.11888708,2.077793,12.471023
1747826855056,-0.014140754,1.5289222,12.592978
1747826855076,-0.10931027,1.7744776,11.047221
1747826855096,-0.39175126,2.2881086,8.857649
1747826855106,-0.5977274,2.519598,8.046537
1747826855136,-0.79270524,2.2643912,8.351948
1747826855156,-0.06950667,1.6440684,9.283742
1747826855177,0.5336077,1.6701053,9.480366
1747826855196,0.029927522,2.638111,8.228647
1747826855217,-0.63401455,3.0434792,6.22672
1747826855236,-0.777517,2.966715,5.554548
1747826855257,-0.8423849,3.0529814,5.680543
1747826855276,-0.5749825,3.306243,6.607398
1747826855297,0.2685995,3.7312884,8.091953
1747826855307,0.5352537,4.0364,8.630573
1747826855337,1.5106665,4.037896,9.75697
1747826855357,1.1121067,3.4241574,9.412729
1747826855377,0.19303252,3.3274167,8.548721
1747826855397,-0.725892,4.0819645,7.95279
1747826855417,-0.9338883,4.185738,7.2174706
1747826855437,0.97750765,3.3361704,6.7592053
1747826855457,-0.3167828,3.7621887,7.481057
1747826855477,0.22887072,3.1453824,7.7456913
1747826855497,-0.15689503,3.2924762,7.785046
1747826855507,-0.18113633,3.321132,7.607576
1747826855537,-0.12794015,2.9921536,7.5820627
1747826855557,-0.1738789,2.9218986,8.204854
1747826855577,-0.15352818,2.9416509,9.266159
1747826855597,0.38419455,2.4249523,9.317036
1747826855617,-0.5068974,1.5285481,9.0081835
1747826855638,-0.69207394,2.0991163,9.634717
1747826855658,0.23306057,1.7706618,9.402329
1747826855678,0.3350386,2.0708349,9.505654
1747826855698,0.60820204,1.6407764,9.690606
1747826855728,0.1281646,1.253589,10.885088
1747826855747,-0.29418755,0.9136124,11.72463
1747826855768,-0.22572833,0.9374048,12.294899
1747826855788,-0.22722471,1.1048492,13.256395
1747826855808,-0.30556,-0.19931729,14.390799
1747826855828,-0.6224176,-1.3595325,15.852757
1747826855848,-1.1794436,-2.1695957,17.998186
1747826855869,-1.0608559,-2.4301896,18.28452
1747826855888,-0.49111062,-1.8791491,16.299501
1747826855908,0.5021838,-1.0971429,13.294329
1747826855959,3.339986,1.0238205,8.324116
1747826855979,3.463886,1.379958,7.8864255
1747826855999,3.1602714,1.3521254,7.563807
1747826856019,2.6559927,1.2243348,7.4976673
1747826856039,2.0495114,1.0807576,7.283835
1747826856058,1.2741642,0.9995044,6.860211
1747826856079,0.6975357,0.9752631,6.5836806
1747826856099,0.4364181,1.0408044,6.308946
1747826856119,0.12180501,1.2564322,6.1557918
1747826856139,-0.13557167,1.3355156,6.337826
1747826856159,-0.050353054,1.5039327,6.6555066
1747826856179,0.19669864,1.7236007,6.841581
1747826856199,0.12008418,1.8555063,7.0577326
1747826856219,-0.29141924,1.8627638,7.5544543
1747826856239,-0.9454104,1.7989433,8.412776
1747826856260,-1.4754268,2.0598364,9.019931
1747826856279,-1.6121207,2.5136874,9.113828
1747826856300,-1.4348001,2.9293807,8.882488
1747826856319,-1.0696844,3.353678,9.040581
1747826856339,-0.40933368,3.5976622,9.6497555
1747826856359,0.30735564,3.8085763,10.335918
1747826856380,0.64359134,4.1436896,10.671032
1747826856400,0.5835118,4.4684033,10.444779
1747826856420,0.45631987,4.793117,10.066272
1747826856440,0.59503394,4.907739,10.325818
1747826856460,0.888997,4.4295726,11.66874
1747826856480,0.8614637,3.591976,12.775161
1747826856500,0.18637364,3.1655836,12.247764
1747826856520,-0.75357497,3.4376996,10.174684
1747826856540,-1.2808979,3.9484875,8.728586
1747826856560,-1.4077158,4.2972927,8.663269
1747826856580,-1.1480197,4.0292916,9.91611
1747826856600,-0.8845827,3.2391305,11.313725
1747826856621,-0.45751697,2.6370635,12.419323
1747826856641,0.16235681,2.2804022,12.37084
1747826856661,0.55949503,2.3395839,11.149722
1747826856681,0.4599112,2.2597523,10.457724
1747826856701,0.19550154,1.7619828,9.948656
1747826856721,-0.08776245,1.5939398,8.792182
1747826856731,-0.17170915,1.6659155,8.142157
1747826856761,-0.086490534,1.9463364,6.6795235
1747826856780,0.010773907,2.0753987,6.067506
1747826856801,0.02124854,2.186804,5.7212443
1747826856821,0.052971713,2.3031473,5.7137623
1747826856841,0.059855044,2.3182607,5.821277
1747826856861,0.10122984,2.3647978,6.1786866
1747826856881,-0.020799628,2.3524528,6.640543
1747826856901,-0.07571663,2.258705,7.2212863
1747826856921,-0.15382746,2.425476,7.4943004
1747826856941,-0.13317747,2.7864017,7.3241625
1747826856951,-0.025662849,2.922198,7.2125325
1747826856992,0.5374235,3.453636,7.699229
1747826857012,0.9244611,3.6453965,8.584111
1747826857031,1.2475287,3.647267,9.848923
1747826857052,1.5134348,3.3182888,11.468301
1747826857071,1.614889,3.1647606,13.543699
1747826857092,1.4267945,2.7665,15.603087
1747826857111,1.2606969,1.845705,16.935461
1747826857132,1.3355156,0.9564836,17.740137
1747826857142,1.2644378,0.62615854,17.723677
1747826857192,1.5171757,0.89438397,13.299641
1747826857212,2.171466,1.6267853,10.352229
1747826857232,2.7771993,2.3027732,7.6958623
1747826857252,3.0752025,2.8270285,6.3070006
1747826857272,3.1750855,2.9997852,5.776311
1747826857292,2.906112,2.9872155,5.770999
1747826857312,2.6146178,2.8760347,5.803844
1747826857332,2.0813096,2.7675476,5.727529
1747826857343,1.6823756,2.7096379,5.6839843
1747826857383,0.73584294,2.5457847,5.6153755
1747826857403,0.45699325,2.667814,5.8801594
1747826857423,0.39848495,2.7584944,6.0920463
1747826857442,0.32778117,2.9665656,6.307524
1747826857463,0.17582418,3.069217,6.8065658
1747826857482,-0.14350246,3.0038254,7.4634748
1747826857502,-0.45138183,2.897433,8.487295
1747826857523,-1.039308,2.8836663,9.451486
1747826857543,-1.7054946,2.9813797,9.847202
1747826857563,-2.27928,3.2454152,9.8855095
1747826857573,-2.3291094,3.3741035,9.80695
1747826857603,-1.4627076,3.91654,10.149844
1747826857623,-0.57827455,4.2895865,10.83713
1747826857643,0.092251584,4.770896,11.255516
1747826857663,0.27151743,4.999991,12.012907
1747826857683,0.46454996,4.88058,13.001039
1747826857703,0.8702923,4.454113,13.834894
1747826857724,1.2063036,3.828478,13.990742
1747826857743,1.2841151,3.4592474,13.083639
1747826857753,1.2409446,3.4613423,12.319514
1747826857783,0.6406734,3.6304328,9.59207
1747826857803,-0.0787842,3.6732292,8.410381
1747826857823,-0.75364983,3.691485,7.7106013
1747826857843,-1.1451018,3.7105637,8.024317
1747826857864,-0.9875334,3.3550997,9.395222
1747826857884,-0.6192004,3.029937,10.317364
1747826857904,-0.21615152,2.9554176,10.50254
1747826857924,0.2216881,2.8601732,10.832191
1747826857944,0.4712088,2.5010428,11.26397
1747826857964,0.39130235,2.06051,10.792762
1747826857984,0.27750295,1.9577088,9.300651
1747826858004,0.22647652,2.104653,7.5206366
1747826858025,0.16056114,2.3059156,6.182053
1747826858044,0.14185645,2.5222914,5.5684643
1747826858064,0.027757775,2.6177602,5.455862
1747826858085,0.008379706,2.6675897,5.5845504
1747826858104,0.06494272,2.7849054,5.9047
1747826858124,0.21532851,2.892046,6.202329
1747826858145,0.30211833,2.961029,6.8041716
1747826858165,0.22700025,2.921824,7.311967
1747826858185,0.1643021,2.932149,7.591864
1747826858204,0.19677345,3.2181811,7.756241
1747826858224,0.32164603,3.5378819,7.539042
1747826858245,0.5235072,3.8283286,7.190461
1747826858265,0.7914333,4.0809917,7.322217
1747826858285,1.0604069,4.196213,8.373496
1747826858305,1.282095,4.145934,9.482835
1747826858325,1.4540286,4.1028385,10.183288
1747826858345,1.7311574,4.395231,11.287464
1747826858375,0.9656863,3.3360956,14.964135
1747826858395,0.3954922,1.8670284,18.039263
1747826858415,0.070778586,1.1168951,18.075176
1747826858435,-0.39167643,1.2561328,15.717036
1747826858456,-0.10018238,1.1310358,13.2660475
1747826858475,0.7110779,1.4945804,10.882918
1747826858495,1.7571944,2.0898387,8.956634
1747826858515,2.665794,2.6158898,7.656358
1747826858535,3.2275336,2.9119477,7.0457616
1747826858556,3.2831988,3.0701895,6.6940384
1747826858566,3.1322892,3.0649524,6.621988
1747826858606,1.6915035,2.5899277,6.3052797
1747826858626,0.81642276,2.3604584,6.234052
1747826858646,0.34648588,2.3371897,6.2868743
1747826858666,0.23373394,2.5271547,6.1517515
1747826858686,0.14926352,2.6803088,6.0637646
1747826858706,0.15667057,2.8442369,6.3474774
1747826858726,0.26844987,2.9423242,6.8120275
1747826858747,0.49432784,3.120842,7.1382375
1747826858766,0.66843116,3.2912042,7.655011
1747826858776,0.7887398,3.308338,8.145972
1747826858807,0.7650971,3.3812861,9.634717
1747826858826,0.13759178,3.4511669,9.519944
1747826858846,-0.34843117,3.756727,9.069984
1747826858866,-0.4492121,4.0319104,9.087716
1747826858887,-0.12704232,4.0796447,9.928156
1747826858906,0.4031237,3.9722798,11.19035
1747826858927,0.91817635,4.2402806,11.660885
1747826858947,1.1106104,4.6012816,11.284845
1747826858967,1.0643723,4.6450505,11.598111
1747826858977,0.9589526,4.499378,11.893197
1747826859017,0.58628017,3.301679,13.133319
1747826859037,0.8503157,3.0054712,12.402788
1747826859057,0.988506,3.1668556,10.535759
1747826859077,0.73516953,3.647716,8.430358
1747826859097,0.1735048,4.013954,7.4559183
1747826859117,-0.26755205,3.8428433,8.374543
1747826859137,-0.36893153,3.1326632,10.29604
1747826859157,-0.13310266,2.66744,11.556288
1747826859177,0.4421043,2.534936,11.920655
1747826859197,1.185055,2.7840824,11.527633
1747826859218,1.670629,3.044003,10.734254
1747826859238,1.5943887,2.9489832,10.584691
1747826859258,1.3493571,2.4827123,10.486604
1747826859277,1.2390742,2.4267478,9.611747
1747826859297,1.3369372,2.602572,8.294862
1747826859317,1.4668226,2.9290814,7.176021
1747826859338,1.371279,3.1828668,6.388628
1747826859358,1.2848634,3.3576434,5.98296
1747826859378,1.3964181,3.5425956,6.223877
1747826859387,1.4715363,3.5897315,6.457012
1747826859418,1.3866917,3.513042,6.938995
1747826859438,1.1551275,3.4254293,7.163302
1747826859458,1.0460417,3.4264767,7.2483706
1747826859478,0.7332991,3.4703953,7.215226
1747826859498,0.4079121,3.4845362,7.415366
1747826859519,0.28378773,3.532495,7.7692595
1747826859539,0.42601827,3.619584,7.8505125
1747826859559,0.5839608,3.7543328,7.293711
1747826859578,0.59712887,3.9077861,7.5300636
1747826859618,0.60895026,3.7059999,9.198672
1747826859639,0.393098,3.5447652,9.473183
1747826859659,0.32276833,3.5718496,10.107272
1747826859678,0.25430912,3.309909,11.312004
1747826859699,0.14350246,2.4603415,13.496714
1747826859719,0.7142203,1.5491233,15.743148
1747826859739,0.8582465,1.1786954,16.308628
1747826859759,0.791957,1.2463316,14.582409
1747826859779,1.0892869,1.88289,10.844836
1747826860250,0.5743091,5.0174236,11.521572
1747826860271,1.3065608,5.342362,12.485987
1747826860291,1.184232,5.3078704,12.770822
1747826860311,0.69820905,4.950461,12.127978
1747826860330,0.70195,4.330363,12.101418
1747826860350,0.9735423,3.777751,11.89402
1747826860370,1.1712135,3.7119105,10.141688
1747826860390,0.94174427,3.9678655,8.135797
1747826860411,0.24802433,4.0715647,6.8744264
1747826860431,-0.7755717,4.0955067,6.6237836
1747826860451,-1.4772224,3.8794298,7.4479876
1747826860491,-1.1987469,3.1711202,9.878925
1747826860511,-0.5256021,3.0951042,10.852841
1747826860532,0.7258172,2.8657098,12.469826
1747826860551,1.8241572,2.585663,12.236839
1747826860571,1.8129344,2.474183,10.633772
1747826860591,1.4303111,2.0908864,9.880646
1747826860611,1.2909985,2.00462,8.73749
1747826860631,0.98783267,2.2026656,6.996082
1747826860652,0.7959224,2.470517,5.6452284
1747826860662,0.74893624,2.5792286,5.264625
1747826860702,0.7603087,3.0173676,5.0621653
1747826860721,0.7956231,3.196409,5.9011836
1747826860742,0.847697,3.2897828,6.8245225
1747826860762,0.85891986,3.3803136,7.4660935
1747826860781,0.82951605,3.5260606,7.9649105
1747826860802,0.85562783,3.5600283,8.476222
1747826860822,0.7969699,3.5921257,9.184906
1747826860842,0.70980597,3.7225347,9.552341
1747826860862,0.7342717,3.970634,9.181838
1747826860882,0.9238626,4.259285,8.624513
1747826860902,1.1340286,4.4381766,8.476222
1747826860923,1.0817302,4.5290813,8.938528
1747826860942,1.1157728,4.354604,9.724798
1747826860962,0.97107327,4.18903,10.352827
1747826860983,0.6287024,4.2313776,10.590153
1747826861002,0.5600187,4.333879,11.003377
1747826861023,0.5200655,3.9359179,12.595072
1747826861042,0.5295675,3.0104842,14.943336
1747826861063,0.6843676,2.3202808,15.614759
1747826861083,0.4189853,2.442834,13.584327
1747826861103,0.46050975,2.5979333,11.176358
1747826861123,1.2121395,2.8972833,9.699136
1747826861143,1.9843442,3.1205425,9.384822
1747826861163,2.3285108,2.9516017,9.748666
1747826861183,2.0938041,3.0054712,9.560272
1747826861203,2.499771,2.9107506,8.423026
1747826861223,2.918008,2.5969605,8.369531
1747826861243,2.311078,2.751237,7.5573726
1747826861263,1.4890438,2.5760863,6.3029604
1747826861273,1.1427076,2.5829694,5.834071
1747826861313,0.34805706,3.1126118,5.211055
1747826861333,0.33286884,3.345897,5.1668367
1747826861353,0.10414778,3.503914,5.288717
1747826861373,0.000748188,3.588235,5.702315
1747826861393,0.12681787,3.7342813,6.18123
1747826861414,0.09075521,3.7073464,6.8759227
1747826861434,0.1388637,3.6186862,7.952341
1747826861454,-0.05581483,3.5893574,8.932617
1747826861474,-0.6369325,3.6557963,9.223288
1747826861504,-1.6947955,4.220155,8.913538
1747826861524,-1.4541782,4.68246,8.776994
1747826861544,-0.5590461,4.780697,9.337985
1747826861564,0.61291564,4.867487,11.100042
1747826861584,1.7384149,4.8870893,12.461146
1747826861605,2.0702362,4.9833064,12.551153
1747826861625,1.573215,5.0791492,11.692982
1747826861644,0.84582657,5.1471596,10.717195
1747826861665,0.6641665,5.044134,10.384401
1747826861684,0.87074125,4.724882,10.701782
1747826861694,0.82697225,4.557737,10.841843
1747826861734,0.36541504,3.6368673,10.077345
1747826861755,-0.24600422,3.6936548,8.848371
1747826861774,-0.8177695,3.9092824,7.745018
1747826861795,-1.3829508,4.1644893,7.3311954
1747826861815,-1.4903158,4.123713,7.578995
1747826861835,-1.0251672,3.8625956,8.40275
1747826861854,-0.43110594,3.7003884,10.059762
1747826861874,0.28880057,3.294197,12.216788
1747826861895,1.1331308,2.6411786,13.639767
1747826861915,1.3524247,2.4259996,12.645275
1747826861935,1.3767408,2.3356934,10.910302
1747826861955,0.9676316,2.4967782,9.05704
1747826861975,0.7500585,2.5702503,7.4744735
1747826861995,0.3855413,2.807875,6.271387
1747826862015,0.1062427,3.1126866,5.582156
1747826862035,0.11162966,2.9540708,5.4283285
1747826862055,-0.33885437,3.2069583,5.8342953
1747826862076,-0.66259533,3.369839,6.5234513
1747826862096,-0.37319618,3.2376342,7.3566337
1747826862115,-0.31349078,3.2126446,8.067786
1747826862136,-0.3044377,3.291354,8.509143
1747826862155,-0.16617256,3.3114054,8.992697
1747826862175,-0.22909518,3.4620156,9.173758
1747826862196,-0.18599954,3.9466171,8.553659
1747826862216,0.19460371,4.474464,8.106842
1747826862235,0.7305308,4.8883615,8.021474
1747826862256,1.0948983,5.172149,8.456844
1747826862276,1.6190041,5.1310735,9.234212
1747826862296,1.6940473,5.338172,10.674174
1747826862306,2.1101894,5.429376,11.392509
1747826862346,2.496105,5.288193,11.821745
1747826862366,2.4494927,5.0171247,11.688717
1747826862387,2.318485,3.9964464,12.778004
1747826862407,2.3843255,2.7395654,14.083293
1747826862426,2.4801686,1.6279075,13.415011
1747826862447,2.1309144,1.8626142,10.316989
1747826862467,1.3724014,2.6666918,6.4359884
1747826862486,0.8108862,3.4891,3.829376
1747826862506,0.84335756,4.21589,3.2478094
1747826862536,1.4031519,4.758102,5.5289598
1747826862557,2.3122003,4.7499466,7.0492034
1747826862577,2.6845734,4.998345,8.351424
1747826862597,2.752434,4.975151,10.018836
1747826862617,2.6057892,4.287566,11.818976
1747826862637,2.0439,3.7236571,12.354156
1747826862657,1.1773487,3.7361517,10.898855
1747826862677,0.30533552,3.7478983,9.15251
1747826862698,-0.11394904,3.7049522,7.9683523
1747826862707,-0.2351555,3.653926,7.590517
1747826862747,-0.048482586,3.2237177,7.4066873
1747826862768,0.16101007,3.1020625,7.5180926
1747826862788,0.35269585,2.902371,7.8027782
1747826862808,0.41464582,2.6494834,8.085369
1747826862827,0.404246,2.3976433,8.58658
1747826862848,0.39579147,2.0322282,8.917579
1747826862867,0.32927755,1.7184383,8.926856
1747826862888,0.28333881,1.6857425,8.354118
1747826862908,0.294412,1.7666965,7.7394066
1747826862917,0.3274071,1.7760488,7.6304703
1747826862948,0.6950667,1.616161,8.446369
1747826862968,1.1931355,1.695394,9.265112
1747826862988,1.6957681,1.8232594,10.301501
1747826863008,2.1395934,1.8150294,11.016919
1747826863028,2.2950668,1.7031004,11.471219
1747826863048,2.3574657,1.6472107,11.140744
1747826863069,2.2713492,2.0130746,10.087146
1747826863089,2.1214123,2.540622,9.443929
1747826863108,2.0379894,3.0050972,9.466374
1747826863129,2.0947769,3.2846203,9.9589815
1747826863148,2.0911107,3.6500354,10.36203
1747826863168,2.2802527,4.064307,10.259977
1747826863189,2.53329,4.6883707,9.974618
1747826863209,2.6260653,5.2012534,9.7842045
1747826863228,2.6016743,5.5392103,9.662325
1747826863249,2.3847744,5.7724953,9.665617
1747826863269,1.9610008,5.832874,9.608156
1747826863289,1.4358476,5.959617,9.289652
1747826863309,0.8782979,5.95827,9.071555
1747826863338,0.25303718,5.721618,9.313744
1747826863359,0.14238018,5.5050178,9.749189
1747826863379,-0.0073322426,5.122245,10.768596
1747826863399,0.08895956,4.580856,12.075755
1747826863419,0.5515642,4.1709986,12.332533
1747826863439,0.92850137,4.220379,11.184064
1747826863459,1.1546786,4.3317094,9.911322
1747826863479,1.2568811,4.137405,9.069685
1747826863499,0.9650129,3.7220857,8.840665
1747826863519,0.5325602,3.178153,8.56593
1747826863540,0.26126727,2.843339,8.059556
1747826863600,-0.02558803,2.7209353,6.864251
1747826863619,-0.06943185,2.5887306,6.975282
1747826863640,-0.100257196,2.6672156,6.9842606
1747826863660,-0.22587797,3.0496893,6.741698
1747826863680,-0.37177464,3.509376,6.4660654
1747826863700,-0.27825114,3.9742253,6.251485
1747826863720,-0.13901334,4.4696007,6.4842463
1747826863730,0.007631518,4.4973583,7.1312795
1747826863770,1.310601,3.3781438,13.316175
1747826863791,1.5527894,2.8427405,16.105047
1747826863810,1.6146646,2.4065468,15.901614
1747826863831,1.4493898,2.827627,13.370943
1747826863850,1.6243162,2.9872904,11.165809
1747826863871,2.0257192,3.1325884,9.492187
1747826863890,2.3933787,3.3085623,8.164153
1747826863910,2.6482863,3.5383308,7.3686047
1747826863930,2.7192893,3.7391446,6.9135566
1747826863971,1.8261774,3.3023524,7.3578305
1747826863991,1.1436802,2.9061868,7.968502
1747826864011,0.40237552,2.6692357,8.283564
1747826864031,-0.11522096,2.6547208,8.128165
1747826864051,-0.20739773,2.8434138,7.775918
1747826864071,0.06980594,2.9750202,7.843704
1747826864091,0.62810385,3.0087633,8.2237835
1747826864111,1.2507459,3.0277674,8.465075
1747826864131,1.9557635,3.2380083,8.445098
1747826864151,2.4817398,3.4484735,8.562114
1747826864171,2.8390744,3.6103814,8.666711
1747826864192,2.9251907,3.8081274,8.341024
1747826864212,2.7874494,3.990835,7.98167
1747826864231,2.7131543,4.162245,7.8010573
1747826864251,2.5011926,4.326846,7.6906247
1747826864271,2.1966052,4.4776807,7.703868
1747826864292,2.0852,4.749797,7.675811
1747826864311,1.9862148,5.0915694,7.826122
1747826864331,1.7611598,5.3680997,8.178069
1747826864362,1.6625487,5.6314616,8.549844
1747826864382,1.9339912,5.691691,8.996961
1747826864402,2.2482302,5.668048,9.783008
1747826864422,2.3639002,5.7322426,10.680085
1747826864442,2.1351042,5.765013,10.686444
1747826864462,1.7720834,5.8042183,10.346992
1747826864472,1.6300772,5.7433157,10.3523035
1747826864502,1.2601731,4.9770217,11.131766
1747826864522,1.0772412,4.4790277,11.314848
1747826864542,0.9223662,4.323629,10.050335
1747826864562,0.6223428,4.4820204,8.529793
1747826864582,0.15652093,4.30455,8.023418
1747826864602,-0.5511153,4.0030303,7.7812304
1747826864623,-1.3599814,3.9409308,7.3053827
1747826864643,-1.9019688,4.1136127,6.879739
1747826864662,-2.1040545,4.2700586,6.917971
1747826864682,-1.8530372,4.182446,7.4223247
1747826864703,-1.3967174,4.1202717,8.812682
1747826864722,-0.8112603,3.7337575,11.311256
1747826864743,0.20485388,3.2249148,13.09172
1747826864753,0.7110779,3.0282161,13.160403
1747826864782,1.2875568,3.2567878,10.649035
1747826864803,1.2915221,3.3052702,8.948105
1747826864823,1.093028,3.3077393,7.4396076
1747826864843,0.63753104,3.4370263,5.9425583
1747826864863,0.3131915,3.691485,4.939163
1747826864883,0.14664486,3.9018006,4.67019
1747826864903,0.20500351,4.093711,5.1131916
1747826864924,0.4109797,4.203994,6.0696754
1747826864944,0.5231331,4.2758946,6.820856
1747826864963,0.65997666,4.533645,7.265205
1747826864983,0.7787141,4.7417164,8.016161
1747826865004,0.8548048,4.8292546,8.718336
1747826865024,0.7966706,4.947618,9.2378025
1747826865044,0.84014034,5.097854,9.268478
1747826865064,1.0608559,5.328221,8.927829
1747826865084,1.3627497,5.484817,8.605359
1747826865104,1.4661492,5.344906,8.976311
1747826865124,1.3804817,5.0899234,10.149919
1747826865144,1.3322237,4.9440265,10.857854
1747826865164,1.2351836,4.997971,10.544812
1747826865184,1.1504887,5.055656,10.319159
1747826865204,1.3914801,4.6888194,11.03697
1747826865224,1.7449989,3.8738933,12.779351
1747826865244,1.8149545,2.8692262,14.641741
1747826865264,2.0110545,2.1502175,14.549489
1747826865284,2.0771196,2.6081088,11.364976
1747826865304,2.494384,3.3022027,8.043171
1747826865324,3.2746694,3.8515224,6.231733
1747826865345,3.9073372,4.026224,6.2712374
1747826865355,4.100295,3.9026237,6.7095256
1747826865395,4.019341,3.3703625,8.530316
1747826865414,3.4645596,3.279383,8.279898
1747826865434,2.4871266,3.1640873,7.4634748
1747826865455,1.5866823,3.0032268,6.9698205
1747826865475,0.9568577,2.9704561,6.45185
1747826865495,0.5366005,3.114183,5.9192896
1747826865515,0.27548283,3.388768,5.494618
1747826865535,0.2793734,3.6599114,5.3722143
1747826865555,0.22079028,3.8810759,5.525144
1747826865575,0.23882163,4.034828,6.077008
1747826865595,0.20425533,4.0907183,6.9725885
1747826865616,0.0425719,4.053159,7.8341274
1747826865636,-0.2287959,4.0488195,8.667384
1747826865656,-0.74743986,4.0316114,9.358261
1747826865676,-1.3631238,4.1454854,9.677288
1747826865695,-1.8133833,4.3955297,9.684471
1747826865715,-1.8615667,4.761319,9.400683
1747826865735,-1.2128128,4.9650507,9.540744
1747826865756,-0.006060323,5.0440593,10.087595
1747826865776,1.3542951,5.2727804,11.28103
1747826865816,2.6330233,5.718925,11.122638
1747826865836,2.285565,5.900061,10.527305
1747826865855,1.7857003,5.702839,10.384252
1747826865876,1.4267198,5.3161006,10.472388
1747826865896,1.2068273,4.9767222,10.366519
1747826865917,1.1980735,4.8235683,9.888951
1747826865936,1.0648212,4.8045645,9.135675
1747826865957,0.6550386,4.7148566,8.611046
1747826865976,0.12599486,4.597017,8.3490305
1747826865996,-0.31573534,4.4400473,8.53069
1747826866016,-0.36100072,4.0776997,9.317784
1747826866036,0.024166474,3.682357,9.797672
1747826866056,0.59630585,3.5182793,10.336966
1747826866077,1.1162965,3.2415996,10.929755
1747826866096,1.4153473,2.9459155,10.806678
1747826866117,1.4578444,2.747122,9.971775
1747826866137,1.4704888,2.6374376,8.867824
1747826866156,1.3763667,2.5585039,7.8966007
1747826866177,1.1302876,2.593893,6.8802624
1747826866197,0.9022399,2.734328,6.0399723
1747826866217,0.6940192,2.8671315,5.7735424
1747826866237,0.76651865,3.0689924,5.7397995
1747826866267,0.69933134,3.4606688,5.9114337
1747826866287,0.7022493,3.609334,6.246248
1747826866307,0.8627356,3.6947021,6.9595704
1747826866327,1.0048165,3.6879685,7.778911
1747826866347,1.1513118,3.6907368,8.3242655
1747826866368,1.2975076,3.8680573,8.565556
1747826866388,1.2919711,4.117578,8.479664
1747826866408,1.2083985,4.512771,7.9930425
1747826866427,1.2627169,4.8260374,7.5242276
1747826866448,1.4937574,5.006874,7.687632
1747826866467,1.7215059,4.9431286,8.676737
1747826866488,1.8251299,4.895619,9.810166
1747826866507,1.8274493,4.9310827,10.605191
1747826866528,1.8108395,5.1253123,11.578434
1747826866548,1.6848446,4.808679,13.086258
1747826866567,1.2809727,3.9396589,14.985233
1747826866588,1.1671734,2.9954455,16.6712
1747826866618,1.6438439,2.1268742,15.614534
1747826866638,1.997288,2.3508816,12.302606
1747826866658,2.6391585,2.8522425,8.969502
1747826866678,3.3166428,3.3802388,6.7616744
1747826866699,3.7813423,3.5417726,6.2128787
1747826866719,3.9722798,3.1860092,6.914829
1747826866739,3.7902458,2.9114242,7.4069867
1747826866758,3.3199348,2.7563248,7.267749
1747826866778,2.5843163,2.6132712,6.89358
1747826866819,0.9662849,2.294992,6.5770965
1747826866839,0.23942018,2.4223335,6.204349
1747826866859,-0.105419695,2.8121395,5.8883147
1747826866879,-0.091578215,3.1992521,5.870882
1747826866898,-0.08843583,3.5286791,6.019696
1747826866919,-0.0473603,3.7190182,6.439355
1747826866939,0.10392332,3.9413798,7.032668
1747826866959,0.13025954,4.057648,7.7529488
1747826866979,0.11439795,4.0967784,8.78672
1747826866989,0.14582185,4.1308956,9.24506
1747826867039,-0.8668507,4.753164,9.0738
1747826867059,-0.995539,5.069722,9.057489
1747826867079,-0.47105917,5.2987423,9.548151
1747826867100,0.38606504,5.281684,10.217779
1747826867120,1.2680291,5.590835,10.823512
1747826867140,1.858125,5.8433485,10.988862
1747826867160,2.0210803,5.9697924,10.97128
1747826867179,1.702427,6.052168,10.7873
1747826867190,1.4989198,5.9747305,10.745103
1747826867230,1.6144401,5.1053357,11.514389
1747826867249,1.8097172,4.8884363,11.019612
1747826867270,1.5918448,4.841001,9.63958
1747826867289,0.81380415,4.920683,8.459463
1747826867310,-0.25371057,4.8643446,7.9693246
1747826867330,-0.8860791,4.7263036,8.032547
1747826867350,-0.81881696,4.5063367,8.913239
1747826867370,-0.4664204,4.1429415,9.603966
1747826867390,0.2287959,4.0455275,10.352004
1747826867411,1.3897593,3.9398835,11.143139
1747826867430,1.8766053,3.6502597,10.850896
1747826867450,1.4106337,3.1176248,10.260576
1747826867470,0.7093571,2.633622,9.7432785
1747826867491,0.6485294,2.5494506,8.752603
1747826867511,0.5113865,2.7039516,7.741427
1747826867530,0.42347443,2.8013656,6.920964
1747826867550,0.36264673,3.1820438,6.142923
1747826867570,0.15936404,3.3852515,5.997176
1747826867591,0.06067805,3.375974,6.145242
1747826867610,0.17185879,3.527482,6.6990514
1747826867631,0.28229135,3.6373162,7.312266
1747826867651,0.12472294,3.7104888,7.4987144
1747826867671,0.03441665,3.7739353,7.6668324
1747826867691,-0.12876315,3.9056911,7.9033346
1747826867711,-0.28431144,4.096479,7.8942065
1747826867731,-0.3473837,4.345476,8.015189
1747826867751,-0.1595885,4.4597244,7.780033
1747826867771,0.083572604,4.535516,7.4553194
1747826867792,0.18353052,4.5636477,7.6837416
1747826867812,0.2805705,4.5124717,8.840141
1747826867841,0.13459903,4.503793,9.663222
1747826867862,0.048632223,4.6457987,9.741558
1747826867882,0.40454528,4.6390653,10.149919
1747826867902,0.6485294,4.1522193,11.234118
1747826867921,0.82936645,3.5460372,12.811448
1747826867942,1.1982231,3.0088382,14.40247
1747826867962,1.664868,2.8752866,13.916596
1747826867982,1.6837224,3.4238582,10.912322
1747826868002,1.7995418,3.8236897,8.398561
1747826868021,1.8793736,3.8911762,7.5754037
1747826868042,1.9843442,3.6771197,7.9091706
1747826868062,1.9434184,3.4830399,8.296882
1747826868082,1.6050878,3.4460793,7.9879546
1747826868102,1.3190556,3.5161097,7.4826283
1747826868123,1.1457003,3.6632035,7.154847
1747826868142,0.8741829,3.7062242,6.886547
1747826868162,0.4913351,3.7342064,6.637999
1747826868182,0.24577977,3.8093994,6.4944963
1747826868202,-0.011073183,3.9407063,6.456713
1747826868213,-0.12195465,4.0149264,6.523227
1747826868253,0.028431145,4.322582,6.7624226
1747826868272,0.26186582,4.3316345,7.2702928
1747826868293,0.37895724,4.2359414,7.7415013
1747826868313,0.49747023,4.283152,8.164303
1747826868332,0.6296002,4.401291,8.581567
1747826868353,0.6287024,4.5889363,8.875979
1747826868373,0.471957,4.8157873,8.933365
1747826868393,0.35441667,4.975301,9.134329
1747826868413,0.42324996,5.1590557,9.053225
1747826868433,0.8938602,5.123068,9.293094
1747826868463,1.6772879,5.1055603,10.396522
1747826868483,1.5976807,5.2026753,10.204462
1747826868503,1.0978163,5.2281885,9.720235
1747826868523,0.59862524,5.291934,9.405846
1747826868544,0.3648165,5.0311155,9.439514
1747826868564,0.24405894,4.4461823,10.349011
1747826868583,-0.087687634,3.8429182,10.737696
1747826868604,-0.65668464,3.6355953,9.932121
1747826868624,-1.0179098,3.745205,8.89835
1747826868643,-1.441908,4.180052,7.9554086
1747826868663,-1.7800142,4.4203696,7.7881885
1747826868684,-1.5812206,4.129549,8.657508
1747826868704,-1.0287585,3.681085,10.059538
1747826868724,-0.33750764,3.2688334,12.120871
1747826868744,0.45706806,2.8591259,13.646351
1747826868764,1.0088568,2.6333225,13.169307
1747826868784,1.0627263,2.7643304,10.85359
1747826868804,1.043872,2.7643304,9.46383
1747826868824,0.9215432,2.6221745,8.9187
1747826868844,0.75110596,2.5619454,7.753772
1747826868865,0.68130004,2.8223896,6.193126
1747826868884,0.77025956,3.2226703,5.1012206
1747826868905,0.77617025,3.3896658,5.3574753
1747826868924,0.9374048,3.3104327,6.33416
1747826868945,0.76412445,3.278111,6.917447
1747826868965,0.6509984,3.3544261,7.213131
1747826868984,0.52141225,3.3859997,8.015862
1747826869005,0.40043023,3.3133507,8.751929
1747826869024,0.32007483,3.4388218,9.069759
1747826869045,0.26874915,3.7630117,8.867076
1747826869065,0.40110362,4.100594,8.537424
1747826869085,0.72521865,4.260856,8.379631
1747826869105,0.7854478,4.2667665,8.707337
1747826869125,0.86640173,4.1157074,9.757569
1747826869145,0.9115923,4.0513635,10.724827
1747826869165,0.9900772,4.0991726,10.719963
1747826869185,1.049633,4.201375,10.773684
1747826869205,1.0145429,4.189329,10.795754
1747826869225,1.1269208,3.8489785,11.321806
1747826869245,1.458817,3.3179147,12.931008
1747826869265,2.0718074,2.7244518,14.6402445
1747826869285,2.891148,2.2100725,14.802676
1747826869305,3.0100353,2.4001873,12.491448
1747826869325,2.762011,2.844611,9.33604
1747826869346,2.7747302,3.1572788,7.3504987
1747826869365,2.960655,3.2235682,7.106739
1747826869386,3.1392474,3.0950294,7.681497
1747826869406,3.150545,3.0021045,8.116643
1747826869426,3.1767316,2.9343185,8.288726
1747826869446,3.0636055,2.8324902,8.333543
1747826869456,2.8669817,2.7543046,8.389432
1747826869486,1.6709284,2.4975264,8.135123
1747826869506,1.0106524,2.4222589,7.695413
1747826869526,0.6039374,2.5900025,7.2699184
1747826869546,0.45055884,2.809895,6.9627876
1747826869566,0.393098,3.1184478,6.6513166
1747826869587,0.3056348,3.4318638,6.465542
1747826869606,0.059032034,3.578733,6.6367273
1747826869627,-0.0018704701,3.6743515,7.2233815
1747826869637,0.02880524,3.7193174,7.553482
1747826869666,0.28154317,3.814487,8.425345
1747826869687,0.2527379,3.8868368,8.884434
1747826869706,-0.120159,3.9754224,8.949451
1747826869727,-0.46746787,4.208034,8.687585
1747826869747,-0.7182605,4.596119,8.411504
1747826869767,-0.682946,4.9415574,8.345589
1747826869787,-0.23882163,5.0659814,8.458565
1747826869807,0.40349782,5.2016277,9.177798
1747826869827,1.1694927,5.32029,10.0895405
1747826869867,1.320477,5.5897875,10.538753
1747826869887,0.8952818,5.434763,10.984373
1747826869907,0.61628246,4.8883615,11.760768
1747826869927,0.6000468,4.3493667,12.455984
1747826869947,0.7164649,4.000561,11.9823065
1747826869967,0.41442135,3.892074,10.709189
1747826869987,0.068534024,3.6938043,9.59843
1747826870008,-0.29231706,3.6819081,8.698584
1747826870028,-0.73487025,3.7317374,7.7323737
1747826870058,-1.2043582,3.7163248,7.657854
1747826870078,-0.7716063,3.6092591,8.42325
1747826870098,-0.1595885,3.3739538,9.642572
1747826870117,0.30922613,3.3019783,10.937985
1747826870137,1.5533131,2.2818987,11.336994
1747826870158,1.8507928,2.3564181,10.679112
1747826870178,1.8442087,2.507178,9.230171
1747826870198,1.3212253,2.416348,8.065766
1747826870218,0.9755624,2.5018659,7.2320604
1747826870238,0.91495913,2.6788871,6.5949035
1747826870258,1.0261399,2.8522425,6.329596
1747826870299,1.0370635,3.2383823,6.4727993
1747826870318,0.7836521,3.1194203,7.1520042
1747826870338,0.6679823,3.038616,7.809063
1747826870358,0.6487538,3.1509938,8.136395
1747826870379,0.7365911,3.4003649,8.3821
1747826870398,0.6840683,3.5334675,8.487445
1747826870419,0.8052,3.7906947,8.549096
1747826870439,0.9201965,4.0072203,8.991051
1747826870449,0.8512135,3.998242,9.266533
1747826870488,1.4561983,4.23452,9.453955
1747826870509,1.6693572,4.2417774,10.274792
1747826870529,1.705345,4.0162735,11.051485
1747826870549,1.0291326,4.4085484,11.722385
1747826870569,0.74796355,4.59567,11.026795
1747826870589,1.5713445,3.8091002,10.412683
1747826870609,2.6479871,3.079018,11.645098
1747826870629,3.1987283,2.6670659,13.212103
1747826870649,3.2040405,2.1713912,13.492374
1747826870659,2.918008,2.1515644,13.272033
1747826870689,1.963395,2.1187937,11.021932
1747826870709,2.0061166,2.521244,8.831536
1747826870730,2.4919899,3.0520835,7.6949644
1747826870750,3.1304188,3.0558991,7.267375
1747826870770,3.2730234,3.040636,7.37863
1747826870790,3.190573,2.7891703,7.7287073
1747826870810,2.9054387,2.6494086,8.249372
1747826870830,2.3418286,2.4161236,8.655712
1747826870850,1.4324808,2.1976528,8.397364
1747826870860,0.9910499,2.2140381,8.06412
1747826870900,0.07526772,3.0254478,6.934356
1747826870920,0.14267945,3.338789,6.6548333
1747826870940,0.23335984,3.644349,6.4812536
1747826870960,0.2037316,3.9861214,6.6061263
1747826870980,0.3056348,4.1172037,7.226823
1747826871000,0.54542905,4.1950903,7.8727336
1747826871020,0.8681226,4.3349266,8.318055
1747826871041,1.1392659,4.508656,8.585458
1747826871060,1.0605565,4.75668,8.645687
1747826871071,0.881964,4.912902,8.498144
1747826871100,0.33084875,5.445088,7.993641
1747826871120,0.23762453,5.728427,7.979051
1747826871141,0.43275195,5.861754,8.236203
1747826871160,0.9389012,5.860856,8.82832
1747826871181,1.6021699,5.87365,9.365069
1747826871201,2.069039,6.091298,9.610476
1747826871220,1.9721488,6.3354316,9.777696
1747826871240,1.4077905,6.28044,9.8028345
1747826871261,1.0709563,5.9378448,10.356344
1747826871270,1.1087399,5.6464252,10.86399
1747826871301,1.7611598,4.8749685,11.820398
1747826871321,1.8641105,4.2817307,10.697817
1747826871341,1.1520599,4.1812487,8.981324
1747826871361,0.3171569,4.1290255,7.6595
1747826871381,-0.4292355,3.9285858,7.2373724
1747826871401,-0.7661445,3.5978866,6.9496193
1747826871421,-0.97496384,3.969362,6.9351044
1747826871442,-0.44375032,4.0411882,7.4183593
1747826871461,0.01062427,4.0286183,8.489166
1747826871502,2.059687,3.6987424,12.509106
1747826871522,2.8037598,3.092336,12.7149315
1747826871542,1.777994,3.0202107,11.213842
1747826871562,1.3219734,3.1759834,9.560796
1747826871581,0.92303956,3.2564883,8.252813
1747826871601,0.69888246,3.4148798,7.2848825
1747826871622,0.58919805,3.5161097,6.50961
1747826871642,0.6159084,3.8774846,5.7792287
1747826871662,0.59495914,4.283526,5.5175877
1747826871682,0.70157593,4.4657097,5.604527
1747826871702,0.7848492,4.673706,6.155268
1747826871722,0.7849241,4.713809,7.121403
1747826871742,0.6111948,4.6409354,7.8871737
1747826871763,0.5587468,4.698247,8.555904
1747826871783,0.7636007,4.864195,8.958205
1747826871803,0.84926826,5.182773,8.90845
1747826871822,0.9602993,5.433566,8.732925
1747826871842,1.2334628,5.6120086,8.723274
1747826871863,1.536479,5.67553,9.014469
1747826871872,1.6484827,5.716531,9.2664585
1747826871903,1.5955858,5.865869,9.25127
1747826871923,1.5090953,5.930812,9.265262
1747826871942,1.4989198,6.0841904,9.326838
1747826871963,1.3813796,6.0106435,9.263914
1747826871983,1.5858593,5.4829464,10.261399
1747826872003,1.8986768,4.7119384,11.985449
1747826872023,1.9318215,3.8863132,12.697125
1747826872043,1.4414591,3.527856,11.31365
1747826872063,0.8679729,3.51798,8.972196
1747826872083,0.33533788,3.752088,6.745813
1747826872104,0.022670098,4.317569,5.252654
1747826872123,0.16968904,4.6987705,4.9789667
1747826872143,0.82345575,5.0273,5.5963717
1747826872164,1.6495302,5.242703,6.845696
1747826872184,2.4195652,5.518485,8.6813755
1747826872204,2.6427498,5.332411,10.416498
1747826872224,2.0789154,4.8849945,11.285968
1747826872243,1.1101614,4.518008,10.751761
1747826872263,0.043843817,4.175712,9.688063
1747826872284,-0.81552494,3.9783401,8.46687
1747826872304,-1.510442,4.047398,7.267749
1747826872324,-1.8180221,4.0908675,6.70788
1747826872344,-1.5108161,4.0241294,7.0448637
1747826872364,-0.90994626,3.9482632,7.6932435
1747826872384,-0.3693056,3.8753896,8.0829
1747826872404,0.056637835,3.8238394,8.433126
1747826872424,0.46133274,3.7511156,8.761506
1747826872444,0.64718264,3.5048869,9.553239
1747826872464,0.6357354,3.0799909,10.294768
1747826872484,0.6465841,2.6798599,10.5014925
1747826872494,0.7101801,2.6226983,10.322825
1747826872524,1.2806735,2.6603322,9.62731
1747826872545,1.8857331,2.7474961,9.485752
1747826872564,2.414702,2.9067852,9.31958
1747826872584,2.5400236,3.0881462,8.91885
1747826872605,2.5885062,3.3770964,8.672023
1747826872625,2.623222,3.5327942,9.038635
1747826872645,2.578181,3.6139727,9.319879
1747826872665,2.3634512,3.678242,9.50932
1747826872675,2.3740005,3.664999,9.646837
1747826872714,2.393229,3.6809354,10.2117195
1747826872735,2.291625,3.8370824,10.305093
1747826872755,2.3662944,3.913996,10.7898445
1747826872775,2.659659,3.7462523,11.693281
1747826872795,2.7564743,3.3398366,11.865589
1747826872815,2.6470144,2.9895349,11.074604
1747826872836,2.4813657,2.796278,9.644368
1747826872856,2.205733,2.8633156,7.948301
1747826872876,1.7324294,3.0775967,6.5767226
1747826872895,1.2885294,3.2614264,5.8813562
1747826872915,1.017461,3.5188031,5.893926
1747826872936,0.8276456,3.8026657,6.091298
1747826872955,0.57393503,4.2577887,6.129007
1747826872976,0.25842413,4.7672296,6.240711
1747826872996,0.001496376,5.2530284,6.6556563
1747826873016,-0.22542906,5.6112604,7.078831
1747826873036,-0.43140522,5.8289833,7.902212
1747826873056,-0.8203882,5.831602,8.581942
1747826873076,-1.1296891,5.842675,9.06527
1747826873086,-1.1139023,5.866019,9.227253
1747826873116,-0.93336457,5.8173866,10.118345
1747826873136,-0.7699603,5.651588,10.766201
1747826873157,-0.69559044,5.507262,10.992603
1747826873177,-0.4564695,5.3079453,10.860473
1747826873196,-0.17477672,5.1149874,10.388367
1747826873216,-0.062698156,4.9012303,9.745972
1747826873236,-0.3127426,4.583101,9.582269
1747826873257,-0.52395606,3.9308302,9.948806
1747826873277,-0.2908207,3.6789153,9.671003
1747826873296,-0.07055413,3.7918918,9.245285
1747826873317,0.19340661,3.6610336,9.387066
1747826873336,0.37566522,3.27033,9.750087
1747826873357,0.4110545,3.2683098,9.537677
1747826873376,0.53226095,3.40448,8.987833
1747826873397,0.54542905,3.503615,8.766444
1747826873416,0.5877017,3.4871547,8.767791
1747826873437,0.6798785,3.6254947,8.74587
1747826873457,0.8631097,3.8230913,8.459837
1747826873477,0.950947,4.0950575,7.961768
1747826873487,1.109488,4.2289834,7.958476
1747826873528,1.6346412,4.436755,8.721478
1747826873547,1.7568203,4.4604726,8.930372
1747826873567,1.8786253,4.6343513,8.77662
1747826873587,1.9126679,4.647819,8.8088665
1747826873608,1.9354128,4.6556,8.649129
1747826873627,1.796624,4.805836,8.230592
1747826873647,1.80029,4.8311996,7.9351325
1747826873667,1.8829648,4.844443,7.9503207
1747826873688,1.90975,4.668843,8.613739
1747826873707,1.743727,4.535366,9.857452
1747826873728,1.5070003,4.3920884,10.801066
1747826873748,1.561244,4.3436804,10.907235
1747826873767,1.894412,4.203919,11.418846
1747826873788,2.3699603,3.5984852,12.276568
1747826873808,2.7647045,3.232247,11.916989
1747826873828,2.7649288,3.2784102,9.760786
1747826873848,2.5189996,3.493664,7.445294
1747826873868,2.243367,3.7434092,5.8342953
1747826873888,1.8828151,3.8906527,5.3880014
1747826873898,1.7435026,3.7874026,5.631013
1747826873938,1.028983,3.2035167,8.114623
1747826873959,0.82899237,3.2596307,8.401478
1747826873978,0.8417863,3.56347,7.9607205
1747826873998,0.98214644,3.8117187,7.639075
1747826874018,1.0965444,3.9622543,7.5846815
1747826874038,1.1504139,4.1283517,7.6114664
1747826874059,1.0458173,4.196886,7.9194956
1747826874079,0.94668233,4.1704,8.372374
1747826874099,0.90874916,4.2259903,8.434623
1747826874119,0.8701427,4.4595747,8.234407
1747826874139,0.8063222,4.606444,8.038832
1747826874158,0.729633,4.70528,8.018705
1747826874179,0.7556699,4.8424225,8.065617
1747826874199,0.8464251,4.9635544,8.249745
1747826874219,1.0316017,5.1351886,8.260071
1747826874239,1.0778397,5.3122096,8.096966
1747826874260,1.0217255,5.559187,8.042947
1747826874279,0.8302643,5.834894,8.125397
1747826874299,0.5650316,6.075137,8.260894
1747826874320,0.33077392,6.018125,8.858621
1747826874369,0.78574705,6.045359,10.356568
1747826874390,0.68870705,6.3949127,9.57748
1747826874410,0.7504326,6.6721163,9.296835
1747826874430,0.94436294,6.4479594,10.263569
1747826874449,1.0566659,5.5018005,11.515212
1747826874469,0.9083751,4.9586163,11.161394
1747826874489,0.6655133,5.0166755,9.182063
1747826874509,0.35164836,5.079673,7.781754
1747826874519,0.08821137,4.9609356,7.6892033
1747826874570,-1.3715035,4.285621,7.1944265
1747826874590,-1.3011738,4.5021467,6.8844523
1747826874610,-0.66005147,4.6290393,7.546
1747826874630,-0.05319617,4.6561236,8.091953
1747826874651,0.3759645,4.821324,8.387038
1747826874671,0.7220763,4.7884035,9.229049
1747826874690,1.0556185,4.5257893,10.147599
1747826874710,0.9684546,4.2033205,10.280178
1747826874721,0.80190796,4.0645313,9.83149
1747826874760,0.47696987,4.0999207,6.928446
1747826874781,0.30870238,4.1992803,5.9908166
1747826874801,0.0624737,4.2624273,5.5279126
1747826874821,0.02813187,4.3444285,5.464915
1747826874841,0.12599486,4.5896845,5.7876086
1747826874861,0.37140054,4.725406,6.195371
1747826874881,0.6110452,4.996325,6.60867
1747826874901,0.85645086,5.1071315,7.3207207
1747826874921,1.0889128,5.197213,7.9513683
1747826874931,1.0617536,5.2822824,8.026113
1747826874971,1.0100539,5.806912,8.083498
1747826874992,1.3646202,6.089652,8.095394
1747826875011,1.6777369,6.1474123,8.604611
1747826875031,1.9858407,5.9790697,9.847053
1747826875051,2.1377976,5.762245,10.865111
1747826875072,2.1514895,5.7537155,10.59928
1747826875092,2.055422,5.8607063,10.012551
1747826875112,1.8172739,5.5782657,9.88521
1747826875132,1.7194858,4.912453,10.951827
1747826875151,1.8251299,3.918635,12.887464
1747826875172,2.0915596,3.132364,13.904326
1747826875191,2.1645827,2.8110173,13.131149
1747826875212,1.9936967,2.845883,10.701558
1747826875232,2.285041,3.2404025,8.001272
1747826875252,2.9830258,3.6715083,6.4950204
1747826875272,3.7337575,3.937938,6.2095118
1747826875292,3.8244379,4.1540146,6.2687683
1747826875312,3.4553568,4.1471314,6.636353
1747826875332,2.754978,3.965621,7.5201874
1747826875342,2.292448,3.7865047,7.938275
1747826875383,0.44187984,3.3307087,7.525799
1747826875403,0.117091425,3.5379567,6.8305078
1747826875422,0.116418056,3.8788311,6.410924
1747826875442,0.03561375,4.144962,6.206594
1747826875462,-0.1587655,4.410568,6.0637646
1747826875483,-0.23455694,4.5810056,6.410176
1747826875503,-0.12801497,4.6100354,7.3150344
1747826875523,-0.1408838,4.638541,7.9624414
1747826875543,-0.18218379,4.6375685,8.467544
1747826875553,-0.18128596,4.6338277,8.738836
1747826875583,-0.25004444,4.772093,8.918102
1747826875603,-0.31364042,5.1359367,8.491186
1747826875623,-0.33750764,5.5205054,8.069133
1747826875643,-0.11252748,5.932832,8.221314
1747826875663,0.34603697,6.143372,8.804378
1747826875683,1.0532991,6.2871737,9.479617
1747826875704,1.8067244,6.4490066,10.114156
1747826875723,2.122834,6.702119,10.337041
1747826875743,1.8302176,6.80896,10.463859
1747826875763,1.227552,6.463073,10.772711
1747826875784,0.88263744,5.796587,11.568184
1747826875793,0.84941787,5.4420953,11.900229
1747826875824,0.93695587,4.577115,11.050288
1747826875844,0.7872434,4.5117984,8.764275
1747826875864,0.3195511,4.724134,6.707057
1747826875884,-0.6361095,4.846762,5.676727
1747826875904,-1.4416087,4.686425,6.2264957
1747826875923,-1.371279,4.1668835,7.8281417
1747826875943,-0.785373,3.8639424,9.088315
1747826875964,-0.010699089,3.9906852,9.880646
1747826875974,0.3959411,4.0046015,10.391808
1747826876004,1.435698,3.5513494,11.59018
1747826876024,1.6926258,3.3785927,10.468797
1747826876044,1.7171663,3.375151,8.642096
1747826876064,1.7116297,3.3585413,7.3558106
1747826876084,1.5774049,3.2720506,6.3456073
1747826876104,1.2603976,3.3666966,5.508235
1747826876124,1.2305448,3.5474586,5.1342907
1747826876144,1.3893104,3.878532,5.2524295
1747826876164,1.4182652,4.185139,5.510405
1747826876185,1.2232875,4.3290906,6.330344
1747826876205,1.205331,4.3989716,7.603087
1747826876225,1.3418005,4.499378,8.588525
1747826876244,1.2731167,4.7527146,8.824654
1747826876264,1.0124481,5.0062757,8.669629
1747826876285,0.94279176,5.23582,8.8645315
1747826876305,1.0898855,5.474043,8.889372
1747826876324,1.4079403,5.4551888,8.438813
1747826876345,1.7693899,5.5439987,8.288128
1747826876365,2.070386,5.6117096,9.021052
1747826876385,1.9458874,5.515792,10.060136
1747826876405,1.7530046,5.3508162,10.526557
1747826876425,1.4567221,5.286846,10.685397
1747826876446,1.5272014,4.8781114,11.206659
1747826876466,1.7233015,4.1351604,12.224046
1747826876486,1.9424458,3.4831145,13.696404
1747826876506,2.3133974,2.8670566,14.194399
1747826876525,2.117447,2.9340942,11.66889
1747826876545,2.283395,3.2540195,8.686314
1747826876566,2.9819033,3.5512745,7.4570403
1747826876576,3.284396,3.6372414,7.216348
1747826876606,3.308263,3.6581905,7.0765867
1747826876626,3.0854526,3.8017678,7.117139
1747826876646,2.5628433,3.7181952,7.3831944
1747826876666,1.6624738,3.5631707,7.70499
1747826876686,0.7237223,3.3984945,7.9732156
1747826876706,0.1548001,3.3279405,7.8576202
1747826876726,-0.08888474,3.5229182,7.2600427
1747826876746,-0.017732056,3.924321,6.596699
1747826876766,0.051325697,4.269984,6.257321
1747826876786,-0.026560675,4.3912654,6.2508864
1747826876806,0.031648353,4.5213003,6.6504188
1747826876826,0.0871639,4.6075664,7.2349033
1747826876846,0.010923545,4.6929345,7.6597996
1747826876866,0.013317747,4.6938324,8.4943285
1747826876887,0.07339725,4.733187,8.993894
1747826876907,-0.077213004,5.0422635,8.710031
1747826876926,-0.34162265,5.3388453,8.34701
1747826876946,-0.2746598,5.7025394,8.076316
1747826876967,0.100332014,6.0902505,8.132131
1747826876977,0.37865797,6.173374,8.350601
1747826877007,1.2010663,6.2650275,9.367912
1747826877026,1.5465795,6.5887685,9.466001
1747826877047,1.2636148,6.9120603,9.417294
1747826877067,0.54902035,6.574777,10.23379
1747826877087,0.16557401,5.6615386,11.949685
1747826877107,0.41120413,4.8251395,12.738799
1747826877127,0.9421932,4.5695586,11.569232
1747826877147,1.1398644,4.7961845,9.029508
1747826877168,0.42631754,5.0018616,6.726061
1747826877187,-0.79741883,5.0064254,5.843124
1747826877208,-1.740435,4.8003745,6.7879357
1747826877227,-1.9250878,4.2684875,8.313716
1747826877248,-1.2307693,3.9981673,9.3560915
1747826877267,0.036361936,4.140697,10.000581
1747826877287,1.2523919,4.110919,10.974871
1747826877307,1.9307741,3.891326,11.871201
1747826877327,1.6047137,3.1506197,12.119598
1747826877347,1.2051812,2.6333973,11.031284
1747826877368,0.9298481,2.6687868,9.228451
1747826877388,0.8194904,2.7027545,7.6337624
1747826877408,0.9664345,2.920178,5.9448776
1747826877438,0.87208796,3.4859576,4.191125
1747826877458,0.66686,3.7476737,4.29445
1747826877478,0.4758476,3.9112277,5.1662383
1747826877499,0.17769466,3.9698856,5.9193645
1747826877518,-0.08312369,4.065579,6.4606786
1747826877539,0.009127894,4.2684875,7.1321774
1747826877559,0.18974048,4.45531,7.7567644
1747826877578,0.28633156,4.7729907,7.8966756
1747826877598,0.43155485,5.114239,7.8113074
1747826877619,0.6204723,5.2247467,7.978079
1747826877638,1.0061632,5.4437413,7.9425397
1747826877658,1.2643629,5.707029,8.3515
1747826877679,1.5213655,5.6658783,9.590274
1747826877699,1.5530139,5.5312047,10.58514
1747826877719,1.3702315,5.4242883,11.5124445
1747826877738,0.9669582,5.0220623,12.359094
1747826877759,0.58313775,4.187459,13.671789
1747826877779,0.67112464,3.2956934,15.446866
1747826877789,0.83542675,2.9396307,16.15727
1747826877819,0.94570965,2.5115924,13.978023
1747826877839,1.174356,3.1630397,9.732505
1747826877859,2.168548,3.999065,6.4240174
1747826877879,3.4101663,4.6814127,5.187786
1747826877899,4.074258,4.759,5.8156657
1747826877919,4.0905685,4.509853,7.0646157
1747826877939,3.7980268,4.1165304,7.731401
1747826877959,2.9832501,3.9448214,7.9360304
1747826877980,1.989432,3.4492216,8.071378
1747826877999,1.052102,3.1607203,7.433173
1747826878040,0.08454525,3.428796,5.8380365
1747826878059,-0.08334815,3.6689644,5.620538
1747826878080,-0.23523031,4.030414,5.5539494
1747826878099,-0.43724108,4.2400565,5.9390416
1747826878120,-0.51078796,4.2783637,6.6700964
1747826878140,-0.43963528,4.314875,7.3550625
1747826878160,-0.38815996,4.4505963,8.206426
1747826878180,-0.29314008,4.638766,8.719383
1747826878200,-0.36736032,5.080945,8.761058
1747826878220,-0.24316111,5.415385,8.794352
1747826878240,0.044816464,5.8991632,8.840889
1747826878261,0.5176713,6.114791,9.426945
1747826878281,1.0799346,6.0114665,11.151967
1747826878301,1.7476925,5.932682,12.394034
1747826878320,1.9437925,6.2790933,11.504962
1747826878340,1.509619,6.4469867,10.512491
1747826878361,1.0669161,6.0560584,10.639607
1747826878381,0.78163207,5.450176,10.989461
1747826878401,0.5300912,4.758251,10.905813
1747826878441,-0.03995324,4.250157,8.157495
1747826878461,-0.6195745,4.2749968,6.7191772
1747826878481,-1.5073744,4.5237694,5.7699513
1747826878500,-2.00881,4.7356563,6.1010246
1747826878521,-1.6236428,4.1990557,7.814001
1747826878541,-0.68384385,3.8848915,9.504756
1747826878561,0.22655134,3.80708,11.783214
1747826878581,1.3517513,3.2750435,13.658996
1747826878601,1.5384243,2.867655,12.888138
1747826878611,1.301473,2.8600235,11.65445
1747826878651,0.65511346,2.7362733,7.7207017
1747826878671,0.63393974,2.8766334,5.993061
1747826878692,0.60685533,3.254618,4.641908
1747826878712,0.4695628,3.5369842,4.139051
1747826878731,0.52156186,3.7333834,4.3915644
1747826878752,0.6655881,4.145186,4.9675946
1747826878772,0.77856445,4.4369044,5.6972275
1747826878791,0.670975,4.5483847,6.762797
1747826878812,0.557849,4.5799584,7.865626
1747826878831,0.59615624,4.6850786,8.5430355
1747826878852,0.5828385,4.9088616,8.920422
1747826878872,0.49103582,5.258789,8.546252
1747826878892,0.6664111,5.6539073,7.9451585
1747826878912,1.1815386,5.8421516,7.7955956
1747826878933,1.5625159,5.852252,8.831686
1747826878952,1.8667291,5.5811834,10.596437
1747826878972,2.224363,5.340566,11.99323
1747826878993,2.1294928,5.301436,12.420296
1747826879013,1.6779613,5.1029415,11.93517
1747826879032,1.3391818,4.648043,11.820473
1747826879052,1.3755437,3.8934958,12.94485
1747826879073,1.489343,2.9954455,14.422522
1747826879092,1.8664298,2.2947676,14.176667
1747826879113,2.0287867,2.51466,10.683901
1747826879133,2.5129392,3.2336686,6.827814
1747826879152,3.2794578,4.031312,4.796783
1747826879173,4.061464,4.3560257,4.8626237
1747826879192,4.1487775,4.3212347,6.1047654
1747826879202,4.0539074,4.2916813,6.8187613
1747826879233,3.2718263,4.1280527,8.085668
1747826879253,2.3204303,3.9353194,8.4965725
1747826879273,1.4124293,3.7223103,8.56982
1747826879293,0.72798693,3.7246296,7.8471456
1747826879313,0.37873277,3.9606829,6.8487635
1747826879333,0.2657564,4.1347117,6.3252563
1747826879353,0.2932149,4.1897783,6.332514
1747826879373,0.29635727,4.3068695,6.2335286
1747826879393,0.07549217,4.448726,6.0679545
1747826879413,-0.06404489,4.4732666,6.2773724
1747826879433,-0.12023382,4.5210757,6.715661
1747826879454,-0.32695818,4.47192,7.430405
1747826879473,-0.6780828,4.5238442,8.0854435
1747826879494,-1.0452187,4.643779,9.003097
1747826879513,-1.3070097,4.7392473,9.552416
1747826879534,-1.1593174,5.2842274,9.129689
1747826879554,-0.48101008,5.74571,8.990302
1747826879573,0.5283704,6.008324,9.583241
1747826879594,1.5324388,6.538116,10.047566
1747826879614,2.3116016,7.07105,9.959505
1747826879635,2.195857,7.3329163,10.043227
1747826879654,1.4460979,7.053169,10.579977
1747826879674,0.9310452,6.440253,10.671331
1747826879704,0.55328506,5.0223618,11.558981
1747826879725,-0.25258827,3.965172,11.862371
1747826879745,-0.83767134,3.3621325,10.667216
1747826879765,-1.2012907,3.5253124,8.774674
1747826879785,-1.5631144,3.7984757,7.266701
1747826879805,-1.9048119,3.7244053,7.292364
1747826879824,-1.5676783,2.9991117,8.683845
1747826879845,-0.68960494,2.7489924,9.79453
1747826879864,0.21854572,2.7353754,10.145953
1747826879885,0.47577277,2.6458173,9.895984
1747826879895,0.3776105,2.4393923,9.729512
1747826879935,-0.15046062,2.1505916,8.233436
1747826879955,-0.18255788,2.3484874,7.5376205
1747826879975,-0.35149872,2.473809,7.2005615
1747826879995,-0.38681322,2.6866684,6.6196685
1747826880015,-0.3290531,3.1639376,6.083891
1747826880035,-0.25834933,3.5327194,5.9501896
1747826880055,-0.37551558,3.8007205,6.207417
1747826880075,-0.42556936,3.900379,6.975432
1747826880095,-0.4886416,3.917363,7.9253316
1747826880115,-0.52747256,4.028843,8.686089
1747826880136,-0.37446812,4.1326165,8.887726
1747826880156,-0.41083005,4.4138603,8.7401085
1747826880176,-0.62324065,4.702586,8.541314
1747826880196,-0.45257893,4.8540945,8.175825
1747826880216,0.040327337,4.8350153,8.360253
1747826880236,0.33773208,4.6987705,8.931569
1747826880256,0.7376386,4.614824,9.642648
1747826880276,1.1098621,4.735731,9.928755
1747826880296,1.1943326,4.663456,10.454206
1747826880316,0.82270753,4.3374705,11.032557
1747826880346,0.6847417,3.401113,12.857237
1747826880366,0.934412,2.918532,14.047754
1747826880386,1.3418752,2.3826048,14.5467205
1747826880406,1.4880712,2.3522284,13.351191
1747826880426,1.6995091,2.6954222,10.580576
1747826880446,2.1400423,3.0354736,8.485799
1747826880466,2.790816,3.2000003,7.7927523
1747826880486,3.0090625,3.2949452,7.8067436
1747826880507,2.655843,3.2573862,8.178892
1747826880516,2.4744823,3.2077813,8.434997
1747826880547,1.893215,2.9850457,8.98529
1747826880566,1.5610943,2.938284,8.590396
1747826880587,1.041777,3.051859,7.668104
1747826880606,0.45579615,3.1526399,6.9978776
1747826880627,0.14859015,3.3262196,6.5717845
1747826880646,0.10063129,3.6462195,6.3165026
1747826880667,0.070778586,3.9072623,6.2062197
1747826880687,0.13564649,4.100744,6.5862994
1747826880707,0.39175126,4.1995044,7.254805
1747826880727,0.40918404,4.223372,7.6709476
1747826880747,0.3978864,4.139949,8.192659
1747826880768,0.35479078,4.120346,8.960973
1747826880787,0.34424132,4.185962,9.177349
1747826880807,0.022744916,4.57113,8.47308
1747826880827,-0.37327102,4.8662148,7.949423
1747826880848,-0.2327613,5.123068,7.7869167
1747826880868,0.33436522,5.3267994,8.144251
1747826880888,0.96321726,5.386804,8.932542
1747826880907,1.2776059,5.5018005,9.668236
1747826880927,1.3827263,5.6678987,9.64362
1747826880948,0.9326912,5.5748987,9.930101
1747826880967,0.06180033,5.304803,10.5880575
1747826880988,-0.16198272,4.7672296,11.618836
1747826881008,0.36990416,4.238934,12.491897
1747826881028,0.7243208,3.717896,12.079421
1747826881048,0.3096002,3.627365,9.874511
1747826881068,-0.494253,3.7151277,7.638102
1747826881088,-1.5771055,3.8278797,6.3578773
1747826881109,-2.412233,3.9484127,6.508338
1747826881128,-2.4313118,3.422661,7.681946
1747826881148,-1.6893338,3.059715,8.623241
1747826881168,-0.5802946,3.0962265,10.229377
1747826881189,0.6259341,2.8607717,13.024307
1747826881209,1.8280479,2.291251,14.244602
1747826881229,1.552565,2.37834,12.530952
1747826881248,1.1118075,2.3112276,10.74615
1747826881269,1.0176105,2.4992473,9.67871
1747826881289,0.8367735,2.6768672,8.473529
1747826881308,0.51213473,2.8774564,7.0184526
1747826881318,0.39249945,3.010185,6.3123875
1747826881348,0.5599439,3.7655556,5.6839094
1747826881369,0.6881085,3.8791306,6.4301524
1747826881389,0.51078796,3.9370403,7.2072206
1747826881409,0.31446344,3.859528,7.908123
1747826881429,0.09636662,3.7697453,8.953865
1747826881449,-0.13093291,3.6768205,9.603666
1747826881469,-0.005686229,3.6962733,9.522862
1747826881489,-0.071975686,3.9482632,9.091907
1747826881509,-0.058508303,4.1718965,8.733524
1747826881529,0.31281742,4.2316766,8.753501
1747826881559,0.7756465,4.236914,9.5462055
1747826881580,0.9141361,4.42845,10.086099
1747826881600,1.0336218,4.4032364,10.10398
1747826881620,1.2587515,4.5864673,10.192041
1747826881640,1.3693337,4.6389904,9.974618
1747826881659,1.0538229,4.3052235,10.131588
1747826881680,0.9459341,3.4372506,11.477728
1747826881699,1.1386673,2.7345524,12.996026
1747826881720,1.4897172,2.242469,13.180155
1747826881740,1.5355062,2.4770262,10.788497
1747826881760,1.1258733,2.9830258,7.1431007
1747826881780,0.9377041,3.669114,4.5613284
1747826881800,1.2651111,4.132392,4.3076925
1747826881820,1.6420482,4.2391586,5.820005
1747826881840,1.8543092,4.2256913,7.332542
1747826881860,1.9108722,4.3204117,7.9194207
1747826881880,1.4601637,4.4018893,8.277354
1747826881901,0.6925977,4.129474,9.420734
1747826881920,-0.2140566,3.6573675,10.540249
1747826881941,-1.1728595,3.3614593,10.759468
1747826881960,-1.7038486,3.2454152,10.086398
1747826881981,-1.757344,3.3837552,9.32983
1747826882000,-1.3973908,3.4710686,8.743699
1747826882021,-0.9307459,3.579107,8.55164
1747826882041,-0.580968,3.5370588,8.637083
1747826882061,-0.4149451,3.5158105,8.924911
1747826882081,-0.41397244,3.4047792,8.964789
1747826882101,-0.44898763,3.1062522,9.250223
1747826882121,-0.45340195,2.9465141,9.702428
1747826882141,-0.43305123,2.8009915,9.718887
1747826882161,-0.44592008,2.7162967,9.347188
1747826882181,-0.4921581,2.6016743,9.237205
1747826882201,-0.4417302,2.4708161,9.271023
1747826882221,-0.29935002,2.5739164,9.106346
1747826882242,-0.25049335,2.897882,8.671425
1747826882261,-0.27840078,3.0429556,8.449138
1747826882281,-0.2550573,3.1787517,8.247875
1747826882301,-0.40207624,3.2336686,8.532412
1747826882322,-0.6262334,3.0452,9.588104
1747826882342,-0.6379799,3.157129,9.905261
1747826882381,-0.8513632,2.9662662,11.230377
1747826882402,-0.8359505,2.7385926,12.197485
1747826882422,-0.4580407,2.9923031,11.747524
1747826882442,-0.0775871,3.5356374,10.683302
1747826882462,-0.18959084,3.6342485,10.3353195
1747826882482,-0.52537763,3.6359694,10.251224
1747826882502,-0.8868273,3.6234746,9.889849
1747826882522,-0.8244284,3.802142,9.45807
1747826882543,-1.1252,4.227936,8.825551
1747826882562,-0.9557354,4.1412954,8.06644
1747826882583,-1.479093,4.2300305,8.080132
1747826882603,-1.8658313,4.0880246,8.300921
1747826882622,-2.3558946,3.9043443,8.560244
1747826882642,-2.633622,3.9358432,8.882488
1747826882662,-2.560075,3.980061,9.097443
1747826882683,-2.4022074,3.9161658,9.446024
1747826882702,-2.1374984,3.8034139,10.029311
1747826882723,-1.8106151,3.6926072,10.841992
1747826882743,-1.4499136,3.4145806,10.99597
1747826882763,-1.1569979,3.318139,10.307113
1747826882783,-0.8348282,3.370213,9.478869
1747826882803,-0.5814917,3.3022027,8.631172
1747826882823,-0.87119013,3.4778771,7.9418664
1747826882843,-0.9519945,3.4241574,7.7142677
1747826882863,-0.59615624,3.7859063,7.503503
1747826882883,-0.24106619,4.2408047,7.1672673
1747826882903,-0.27675477,4.594174,7.015385
1747826882923,-0.42399815,4.7671547,7.1696615
1747826882933,-0.4937293,4.770073,7.3158574
1747826882964,-0.21472996,5.02109,8.213608
1747826882983,-0.09314941,4.9661727,9.011925
1747826883003,-0.016609775,4.8597803,9.5609455
1747826883023,0.015412673,4.7515926,9.848549
1747826883043,0.23687632,4.6830587,9.613318
1747826883064,0.37461776,4.8374844,8.6403
1747826883083,0.4269161,4.9493384,7.739257
1747826883104,0.4902876,4.930709,6.9965305
1747826883124,0.42130467,4.842198,7.0799537
1747826883133,0.43305123,4.765808,7.527146
1747826883163,0.4825813,4.3266215,9.094674
1747826883184,0.5163994,4.3569236,9.193584
1747826883204,0.8001871,4.394333,8.517372
1747826883224,0.9767595,4.7057285,8.492309
1747826883244,1.4138509,4.735955,9.026889
1747826883265,1.7827076,4.555717,9.771485
1747826883284,2.3398085,4.506112,10.204312
1747826883305,2.7814639,4.55841,10.372879
1747826883324,2.767697,4.534319,10.177003
1747826883344,2.2084267,4.5282583,9.477897
1747826883365,1.4818612,4.476858,8.931271
1747826883385,0.9355343,4.4093714,8.681002
1747826883404,0.7341221,4.3920135,8.319551
1747826883424,0.6405986,4.616769,7.942914
1747826883445,0.78671974,4.8653917,7.7473373
1747826883465,0.8784476,5.3396683,7.5046253
1747826883484,0.85315883,4.7928925,6.4909053
1747826883504,0.23261166,5.065682,6.33618
1747826883525,0.41718966,4.884695,6.7319713
1747826883535,0.3839701,4.843395,6.7257614
1747826883575,0.5987749,5.259687,7.202582
1747826883595,0.6266823,5.336077,7.2438817
1747826883616,0.075417355,5.1660137,7.415292
1747826883635,-0.32366616,4.9700637,7.80824
1747826883655,-0.62099606,4.999991,8.078635
1747826883675,-0.5762544,5.395334,7.7568393
1747826883695,-0.103698865,6.3743377,8.285359
1747826883715,0.045789108,6.702942,9.106196
1747826883735,-0.187047,6.3752356,9.51568
1747826883755,-0.49934068,6.2562733,10.065449
1747826883775,-0.75133044,6.2001595,11.20868
1747826883806,-0.3191022,6.4520745,11.957167
1747826883825,-0.007631518,6.1010246,12.018743
1747826883845,-0.46080902,5.2694883,11.870901
1747826883866,-0.89558107,4.530204,11.22499
1747826883886,-0.78335285,3.746402,10.685921
1747826883906,-0.53891987,3.3791912,10.136526
1747826883926,-0.8725369,3.195586,9.314193
1747826883946,-1.2294974,3.3002574,7.6428905
1747826883956,-1.282918,3.3831565,6.824223
1747826883986,-1.6393548,3.4136078,5.8338466
1747826884006,-1.5518916,3.4014874,6.540959
1747826884026,-1.4399626,3.5599535,7.0664864
1747826884047,-1.0201544,3.7272484,7.6622686
1747826884066,-0.5284452,3.79264,8.360627
1747826884087,-0.19123685,3.6444988,9.656264
1747826884107,0.12779051,3.3915362,10.325519
1747826884126,0.67194766,3.3464954,9.895984
1747826884147,0.7781156,3.532121,8.250644
1747826884167,0.22019173,3.9338977,7.0091004
1747826884177,-0.19318216,4.0281696,7.0167317
1747826884207,-0.52545244,3.9611318,7.2006364
1747826884227,-0.19946693,4.100295,7.1721306
1747826884247,-0.20994157,3.9321022,7.463176
1747826884267,-0.23141456,4.070068,8.084171
1747826884287,0.15263036,4.221576,8.270994
1747826884307,0.5815666,4.2048917,8.099435
1747826884327,0.5231331,4.3626842,8.5909195
1747826884347,0.34154785,4.4865093,8.777817
1747826884368,0.33436522,4.733187,7.7991867
1747826884378,0.23335984,5.0379243,7.192182
1747826884407,0.49522567,5.2926073,7.591041
1747826884428,0.4345476,5.033884,8.699332
1747826884447,0.35509005,4.7742624,9.490766
1747826884467,0.4031237,4.835764,9.7563715
1747826884487,0.56054246,4.7012396,10.347515
1747826884508,0.6512229,4.3705406,11.029713
1747826884528,0.59952307,4.0445547,11.371261
1747826884547,0.56884736,3.6878936,12.014104
1747826884567,0.8430583,3.4486978,12.632482
1747826884598,1.5208418,3.1800237,11.922825
1747826884618,1.9868882,3.3678937,10.095301
1747826884637,2.4396167,3.5458126,8.701502
1747826884658,2.8354082,3.554791,8.00621
1747826884678,2.880075,3.6151698,8.19438
1747826884698,2.9503298,3.4480994,8.933964
1747826884718,2.6791866,3.3663971,8.988058
1747826884738,2.421361,3.4376247,7.9572043
1747826884758,1.6527474,3.7561283,7.195773
1747826884778,1.3440449,3.8302739,7.253758
1747826884788,1.1513866,3.7209635,7.282039
1747826884819,0.77968675,3.809549,7.477541
1747826884839,0.52186114,4.1172037,7.270891
1747826884858,0.22213702,4.3047,7.09387
1747826884879,0.0005985504,4.4164042,6.9561286
1747826884899,0.03942951,4.6012816,7.2221093
1747826884919,0.3107225,4.6544776,7.6266546
1747826884939,0.29269117,4.6534305,8.294337
1747826884959,0.098461546,4.595371,8.8854065
1747826884979,-0.15554829,4.771868,9.239748
1747826884999,-0.4340239,5.009493,9.136872
1747826885019,-0.734571,5.0773535,8.835053
1747826885039,-0.5816414,5.166313,8.804452
1747826885059,-0.07855974,5.1409497,9.00564
1747826885080,0.15255554,5.146112,9.342026
1747826885099,0.294412,5.302633,9.629853
1747826885120,0.30032268,5.445986,9.515455
1747826885140,0.05805939,5.61994,9.348535
1747826885159,-0.17851767,5.3697457,9.621099
1747826885169,-0.25842413,5.107506,10.098069
1747826885210,-0.0067336923,3.4918683,11.833267
1747826885230,-0.9566332,3.1979053,10.617836
1747826885250,-1.5248072,3.3971477,9.001525
1747826885270,-2.0489876,3.6009543,7.6304703
1747826885290,-2.4107366,3.7924902,6.826318
1747826885309,-2.324695,3.7593455,7.039701
1747826885329,-1.7311574,3.4870052,7.920992
1747826885349,-1.089661,3.292177,8.711153
1747826885370,-0.43342534,3.295918,9.367688
1747826885380,-0.20231004,3.2677112,9.832088
1747826885410,0.23104046,2.5018659,10.803162
1747826885430,0.37858313,2.055422,10.18426
1747826885450,0.26470894,2.1499932,9.149666
1747826885470,0.26994625,2.531943,8.28289
1747826885490,0.5528361,2.831368,7.9016137
1747826885510,0.50001407,2.9848962,7.755268
1747826885530,0.29575872,2.965144,7.553557
1747826885551,0.20657471,3.065476,8.074296
1747826885571,0.35920507,3.035324,9.237429
1747826885591,0.028356327,2.839972,9.740959
1747826885601,-0.24607904,2.719065,9.699734
1747826885631,-0.69169986,2.807426,8.814029
1747826885651,-0.2972551,3.128249,8.689606
1747826885670,0.2279729,3.451541,8.866178
1747826885691,0.49634793,3.2242415,9.124602
1747826885711,0.48280573,3.1655836,9.114576
1747826885731,0.66356796,3.125331,9.021726
1747826885751,0.360477,2.841693,8.612766
1747826885771,-0.011821371,3.2778118,9.647137
1747826885791,0.42788872,3.5416229,9.151611
1747826885811,1.5340099,3.6560209,9.616386
1747826885821,1.868824,3.2959929,9.991677
1747826885851,1.3422493,1.7301848,12.496161
