timestamp_ms,timestamp_μs,freeAcceleration_m/s²_x,freeAcceleration_m/s²_y,freeAcceleration_m/s²_z
1747569238156,3196759449,-0.072726645,-0.1880781,0.16280365
1747569238173,3196776116,-0.041455396,-0.38198164,0.0043640137
1747569238189,3196792783,-0.15348187,0.3504425,-0.28295612
1747569238206,3196809450,-0.029038133,0.56920993,-0.12825489
1747569238223,3196826117,-0.058546312,0.22421557,0.14803028
1747569238239,3196842784,-0.17019819,0.02047714,0.4414816
1747569238256,3196859451,-0.31598964,-0.22483683,0.72795963
1747569238273,3196876118,-0.3441916,-0.2589134,0.8602781
1747569238289,3196892785,-0.39630747,-0.2744415,0.91992474
1747569238306,3196909452,-0.43266252,-0.09030683,1.0446587
1747569238323,3196926119,-0.5016844,0.096065424,1.2412624
1747569238339,3196942786,-0.47172007,0.17351545,1.499835
1747569238356,3196959453,-0.44285873,-0.1325273,1.6807947
1747569238373,3196976120,-0.60914344,-0.3587299,1.7167368
1747569238389,3196992787,-1.0465858,-0.5614327,1.7762098
1747569238406,3197009454,-1.4004776,-0.7705724,1.8268929
1747569238423,3197026121,-1.3461885,-0.63785267,1.6979389
1747569238439,3197042788,-1.2070993,-0.2505358,1.4624262
1747569238456,3197059455,-1.1386027,0.2397173,1.6116695
1747569238473,3197076122,-1.3144435,-0.07947361,1.6332245
1747569238489,3197092789,-1.3752089,-1.2224838,1.3807373
1747569238506,3197109456,-0.98318833,-2.1199787,0.9170761
1747569238523,3197126123,-0.46487454,-2.2629066,0.31734276
1747569238539,3197142790,-0.3883162,-1.4440479,0.32835484
1747569238556,3197159457,-0.7295867,-0.6289204,0.4847927
1747569238573,3197176124,-1.0529821,-0.71287423,0.3759756
1747569238589,3197192791,-0.8340583,-0.7933213,0.40955448
1747569238606,3197209458,-0.45804533,-0.29366502,0.051721573
1747569238623,3197226125,-0.79845,-0.48114523,-1.0521479
1747569238639,3197242792,-1.389684,-1.3566327,-2.407498
1747569238656,3197259459,-1.2876836,-1.8880789,-2.7390342
1747569238673,3197276126,0.33896744,-0.51348436,-1.1814938
1747569238689,3197292793,1.4903483,1.08911,-0.31669617
1747569238706,3197309460,1.7797965,1.4165276,-0.5435896
1747569238723,3197326127,1.3644614,0.6884049,-1.289217
1747569238739,3197342794,1.1943954,0.43838042,-1.9635715
1747569238756,3197359461,1.5664148,0.98942256,-2.3002324
1747569238773,3197376128,2.628014,1.5245712,-2.0451612
1747569238789,3197392795,3.1417427,1.6989222,-1.6968794
1747569238806,3197409462,3.2296882,1.2722925,-0.53459835
1747569238823,3197426129,3.131029,0.96824783,-0.62968063
1747569238839,3197442796,3.2302744,0.65523916,-1.8030729
1747569238856,3197459463,3.251236,0.79890484,-2.3281283
1747569238873,3197476130,3.2116528,1.3783168,-2.2153258
1747569238889,3197492797,3.5499122,1.5723622,-2.0045505
1747569238906,3197509464,3.4845486,1.5506003,-1.5305948
1747569238923,3197526131,3.0629072,1.5802178,-1.0301762
1747569238939,3197542798,2.8574023,1.3164891,-1.3516798
1747569238956,3197559465,2.4631565,0.9469345,-1.6242399
1747569238973,3197576132,1.5695381,1.2385796,-1.7706585
1747569238989,3197592799,1.1147314,1.8153914,-1.14505
1747569239006,3197609466,1.4019865,1.5364069,-0.790226
1747569239023,3197626133,0.60422975,1.8253465,-1.862391
1747569239039,3197642800,0.20877977,2.0950325,-0.75960255
1747569239056,3197659467,0.93842673,2.6667354,0.050149918
1747569239073,3197676134,1.3152834,2.9274583,0.088401794
1747569239089,3197692801,1.0042287,2.6072676,0.518404
1747569239106,3197709468,0.8773277,2.17203,0.7909908
1747569239123,3197726135,0.262866,1.4986678,0.97595406
1747569239139,3197742802,0.34331232,1.6028011,1.2416563
1747569239156,3197759469,0.9989002,2.6861851,-1.5900335
1747569239173,3197776136,1.5471598,2.0964842,-1.6539383
1747569239189,3197792803,1.1468238,1.7784501,0.08925724
1747569239206,3197809470,1.1085044,1.4530864,1.9780674
1747569239223,3197826137,1.4663581,1.0939072,2.223874
1747569239239,3197842804,0.20267975,-0.2854797,-0.13923931
1747569239256,3197859471,0.32965255,0.48782888,-1.3090363
1747569239273,3197876138,0.3053502,1.2202464,-1.6398745
1747569239289,3197892805,0.9661761,1.7376881,0.64327335
1747569239306,3197909472,0.16994785,1.3122923,0.95410824
1747569239323,3197926139,-0.40628687,0.82220805,0.27355766
1747569239339,3197942806,0.28253603,1.1758283,-1.0334978
1747569239356,3197959473,0.67356783,1.0268044,-2.0785136
1747569239373,3197976140,0.9085141,0.7750499,-1.266983
1747569239389,3197992807,0.97485846,0.76553905,-1.2263298
1747569239406,3198009474,1.2659917,0.37054694,0.019238472
1747569239423,3198026141,1.1169482,1.6717548,2.5193367
1747569239439,3198042808,0.58870745,3.3779085,0.33038712
1747569239456,3198059475,-1.1930289,-0.03401398,-2.230845
1747569239473,3198076142,0.63762695,-0.8352435,-2.338283
1747569239489,3198092809,-0.48666248,-1.0303344,-2.723302
1747569239506,3198109476,-0.47540882,0.0015856009,-0.8107281
1747569239523,3198126143,0.17889015,1.6673995,4.5592585
1747569239539,3198142810,2.4416568,2.3751488,7.630234
1747569239556,3198159477,3.1150656,-1.4559062,5.218116
1747569239573,3198176144,1.7004904,-2.9445863,-1.1081762
1747569239589,3198192811,1.0066761,-4.146795,-3.9627843
1747569239606,3198209478,3.4523618,-1.8638629,4.888893
1747569239623,3198226145,1.6854318,-0.06051971,4.7416306
1747569239639,3198242812,1.0470172,1.206408,4.489749
1747569239656,3198259479,-0.62116164,1.3266969,-0.6949463
1747569239673,3198276146,-0.37033638,1.7131634,0.27372837
1747569239689,3198292813,-1.7456868,1.3624814,-1.100874
1747569239706,3198309480,-2.5686579,-1.3136278,-8.922187
1747569239723,3198326147,-2.3219817,-2.495644,-4.25006
1747569239739,3198342814,-0.25537428,2.5329552,0.6670017
1747569239756,3198359481,-0.8614687,1.3247511,-4.279107
1747569239773,3198376148,-0.41773856,-0.9215724,-4.9387813
1747569239789,3198392815,-0.09974087,-2.994379,-6.3397827
1747569239806,3198409482,-0.41375098,-3.4725902,-4.8032207
1747569239823,3198426149,0.061588325,-1.7857102,-1.2690659
1747569239839,3198442816,0.4817015,-0.2566103,0.048119545
1747569239856,3198459483,-0.6058179,1.234312,-0.7247505
1747569239873,3198476150,-0.4633353,2.7297788,1.1976337
1747569239889,3198492817,1.6500574,2.36357,4.3629694
1747569239906,3198509484,3.1471684,0.9129561,3.6152782
1747569239923,3198526151,2.784231,2.077342,2.03574
1747569239939,3198542818,4.515737,4.1164837,7.832842
1747569239956,3198559485,3.0484395,3.2397685,10.239004
1747569239973,3198576152,-3.543387,1.3036058,1.2223797
1747569239989,3198592819,-2.3025599,2.1177003,4.0054817
1747569240006,3198609486,-0.40339452,2.5872986,-2.5118308
1747569240023,3198626153,-0.6554009,-1.4744542,-10.518629
1747569240039,3198642820,-0.7901646,-4.1309395,-6.043787
1747569240056,3198659487,-0.34275702,-4.4201045,-6.671305
1747569240073,3198676154,-0.42639846,-5.2793717,-6.9803762
1747569240089,3198692821,-1.3024455,-2.9101472,-3.8351755
1747569240106,3198709488,-2.0883703,-0.30877197,-0.7472315
1747569240123,3198726155,-2.5306444,1.3165088,1.5715876
1747569240139,3198742822,-0.7855023,2.193717,2.8549805
1747569240156,3198759489,0.49740326,1.25331,2.5822601
1747569240173,3198776156,0.88513356,0.65246826,1.8526869
1747569240189,3198792823,1.270284,3.1085615,1.4635258
1747569240206,3198809490,4.2067385,4.456681,6.117938
1747569240223,3198826157,3.6535287,2.730378,11.214422
1747569240239,3198842824,0.77182555,0.56287086,8.542286
1747569240256,3198859491,-2.25264,1.4575627,0.6327257
1747569240273,3198876158,-1.0182022,2.1683772,-1.1290083
1747569240289,3198892825,-1.1717501,-0.3016837,-3.9972644
1747569240306,3198909492,-0.25632143,-4.951734,-11.969196
1747569240323,3198926159,0.80275726,-7.307991,-8.142171
1747569240339,3198942826,-0.8913387,-6.579781,-8.702339
1747569240356,3198959493,-1.9472927,-1.8567905,-3.0223322
1747569240373,3198976160,-1.8072286,1.3010845,-0.21235657
1747569240389,3198992827,-1.1061171,1.5237106,1.471694
1747569240406,3199009494,-0.72923803,1.8976791,1.79564
1747569240423,3199026161,0.40772003,2.0546165,3.765236
1747569240439,3199042828,0.5896795,1.8039802,2.986804
1747569240456,3199059495,0.6423683,0.54891074,0.25713158
1747569240473,3199076162,1.9049212,3.4193158,-1.5227356
1747569240489,3199092829,3.6548676,2.0912895,5.4209585
1747569240506,3199109496,0.75637233,0.510361,5.366743
1747569240523,3199126163,-1.1986647,0.7398947,-0.017947197
1747569240539,3199142830,-0.12837087,1.6195382,1.1245823
1747569240556,3199159497,0.991949,2.1636457,2.8238716
1747569240573,3199176164,0.57709724,0.585127,1.5671911
1747569240589,3199192831,0.20221508,-2.1350741,-1.7075367
1747569240606,3199209498,0.36232522,-1.0145483,-2.8079815
1747569240623,3199226165,1.4372978,0.27744707,-0.6330185
1747569240639,3199242832,1.2193367,0.14636523,-0.10976887
1747569240656,3199259499,1.778842,0.6650941,0.24902916
1747569240673,3199276166,2.0853696,1.1669544,0.80596924
1747569240689,3199292833,3.0885959,1.4558485,1.768919
1747569240706,3199309500,3.0238373,1.578592,-0.038751602
1747569240723,3199326167,2.963351,1.6978227,-1.6697245
1747569240739,3199342834,2.4692771,1.7972255,-2.2283702
1747569240756,3199359501,1.8877001,1.406161,-3.6624537
1747569240773,3199376168,2.1624935,1.0553182,-4.291505
1747569240789,3199392835,2.3328974,0.37521031,-4.3812623
1747569240806,3199409502,1.3137097,-0.6123095,-4.7876954
1747569240823,3199426169,0.716716,-0.6478181,-3.6285443
1747569240839,3199442836,0.5026281,0.70793146,-2.3708444
1747569240856,3199459503,-0.41040802,1.1813837,-2.4360738
1747569240873,3199476170,-1.8433969,0.25616238,-1.8932619
1747569240889,3199492837,-1.8084956,0.6242634,-1.7977285
1747569240906,3199509504,-1.4252281,1.1463596,-2.6567006
1747569240923,3199526171,-1.980809,0.6225225,-2.546228
1747569240939,3199542838,-4.6310296,-1.2479041,-1.708252
1747569240956,3199559505,-5.7653604,-2.0186193,-1.6106129
1747569240973,3199576172,-4.604876,-0.89701235,-2.295383
1747569240989,3199592839,-4.2363896,-0.35408732,-2.8569102
1747569241006,3199609506,-5.2885838,-1.159404,-2.161631
1747569241023,3199626173,-4.793976,-0.92087126,-1.6415358
1747569241039,3199642840,-2.8672087,-0.5745322,-1.2078428
1747569241056,3199659507,-2.3948808,-1.4286522,-1.0294676
1747569241073,3199676174,-2.7860556,-1.9356488,-0.86920357
1747569241089,3199692841,-2.2933538,-1.6789569,-0.27085495
1747569241106,3199709508,-1.0851699,-1.5131912,0.34242916
1747569241123,3199726175,0.2740738,-2.1390007,0.87327385
1747569241139,3199742842,0.15434039,-2.4442713,1.4587831
1747569241156,3199759509,-0.64383554,-1.9510964,2.0579815
1747569241173,3199776176,-0.23974112,-1.5139837,3.3503017
1747569241189,3199792843,0.3732282,-1.2729005,3.5376272
1747569241206,3199809510,0.25269133,-1.119567,2.707263
1747569241223,3199826177,0.31930882,-1.4690595,3.1255665
1747569241239,3199842844,0.9536254,-1.029759,3.2580843
1747569241256,3199859511,1.046305,-0.6614356,3.1315079
1747569241273,3199876178,0.49356097,-0.7312124,2.793004
1747569241289,3199892845,0.035709213,-0.73286456,3.5276651
1747569241306,3199909512,0.3566399,-0.83308506,3.979003
1747569241323,3199926179,-0.27322608,-1.2107714,1.5890789
1747569241339,3199942846,0.038278606,-0.80879146,1.3644333
1747569241356,3199959513,0.38480437,-0.6794575,1.2609758
1747569241373,3199976180,0.1943639,-0.3455287,0.50005627
1747569241389,3199992847,-0.35306594,-0.46280414,-0.46903133
1747569241406,3200009514,-0.20349625,-0.9633967,-1.038496
1747569241423,3200026181,0.22767527,-0.57030135,-0.5570402
1747569241439,3200042848,0.52608734,-0.22427917,-0.26414776
1747569241456,3200059515,0.21528667,-0.3207898,-0.56022644
1747569241473,3200076182,-0.27803403,-0.5111375,-0.96374226
1747569241489,3200092849,-0.11199888,-0.45143092,-0.6283808
1747569241506,3200109516,-0.05687382,-0.51339674,-0.62780666
1747569241523,3200126183,0.11604167,-0.20759392,-0.17970562
1747569241539,3200142850,-0.07290294,-0.14284088,-0.0069532394
1747569241556,3200159517,-0.5719899,-0.5009529,-0.48787975
1747569241573,3200176184,-0.6499555,-0.5700801,-0.83567905
1747569241589,3200192851,-0.27958548,-0.41355887,-0.6353197
1747569241606,3200209518,-0.0913978,0.032478668,-0.040914536
1747569241623,3200226185,0.4503807,0.05609281,1.0705576
1747569241639,3200242852,-0.10001852,-0.6508273,0.8092785
1747569241656,3200259519,-0.5829031,-1.3170512,-0.4462719
1747569241673,3200276186,-0.34950268,-0.90305895,-0.23969841
1747569241689,3200292853,-0.19869056,-0.29126465,0.6352205
1747569241706,3200309520,0.063628554,-0.48365834,1.2996187
1747569241723,3200326187,0.11281191,-0.95496404,0.44120312
1747569241739,3200342854,0.15613101,-1.343329,-0.0026159286
1747569241756,3200359521,0.28094348,-1.5228004,0.18891716
1747569241773,3200376188,0.84419006,-1.6302557,1.4353781
1747569241789,3200392855,1.4389058,-2.140178,2.0840168
1747569241806,3200409522,1.3780814,-3.7772045,0.85230446
1747569241823,3200426189,0.99901384,-4.7438145,-0.6270685
1747569241839,3200442856,0.6406898,-4.8179636,-1.1757574
1747569241856,3200459523,0.28697377,-4.359742,-0.9680319
1747569241873,3200476190,-0.2071917,-3.875786,-0.31029034
1747569241889,3200492857,-1.6528164,-3.3694365,-0.6041813
1747569241906,3200509524,-2.3254473,-2.9861438,-0.82124805
1747569241923,3200526191,-2.7436678,-1.9632003,-0.8043966
1747569241939,3200542858,-2.9554667,-0.25990444,0.29431534
1747569241956,3200559525,-3.955706,0.74830484,0.06808376
1747569241973,3200576192,-5.272745,-0.49404722,-1.8429174
1747569241989,3200592859,-5.563845,-0.7206659,-3.534851
1747569242006,3200609526,-5.199114,1.3926526,-1.6673765
1747569242023,3200626193,-4.8725457,2.7000906,0.3559656
1747569242039,3200642860,-4.5323257,1.8549638,0.32173824
1747569242056,3200659527,-4.0442686,0.6944903,-0.7059059
1747569242073,3200676194,-3.529629,0.9812129,-0.020650864
1747569242089,3200692861,-2.9964602,1.3358203,1.1114874
1747569242106,3200709528,-2.1974418,1.3890353,1.6141481
1747569242123,3200726195,-1.4259635,2.244104,1.2596312
1747569242139,3200742862,-0.7623962,2.7878225,0.6421776
1747569242156,3200759529,-0.7532787,0.6898721,-0.8562956
1747569242173,3200776196,-0.4701166,-2.479818,-2.3882184
1747569242189,3200792863,1.3544974,-0.30655786,-0.69266987
1747569242206,3200809530,1.825899,2.1124833,0.32546616
1747569242223,3200826197,0.6281549,2.0910437,-0.3575983
1747569242239,3200842864,0.45391336,0.06343298,-0.6259031
1747569242256,3200859531,2.1638272,-1.7495365,-0.88288116
1747569242273,3200876198,2.8505983,0.54681057,-1.6417046
1747569242289,3200892865,2.3027186,4.3203526,1.9111843
1747569242306,3200909532,1.1573983,3.7316153,1.502162
1747569242323,3200926199,0.19989513,1.3158398,-0.24134159
1747569242339,3200942866,0.86428905,-1.9070253,-1.6453657
1747569242356,3200959533,2.232041,-1.6496098,-1.3317728
1747569242373,3200976200,1.4927373,-0.049639545,-0.08919525
1747569242389,3200992867,0.62104225,0.55278575,0.17247486
1747569242406,3201009534,0.24428894,-0.5062471,-1.125906
1747569242423,3201026201,0.39364544,-0.71260256,-0.5417023
1747569242439,3201042868,0.39794973,-0.14835091,0.15332985
1747569242456,3201059535,0.27557394,0.25241274,0.07553482
1747569242473,3201076202,-0.078478865,-0.4160687,-0.59057236
1747569242489,3201092869,-0.27904955,-0.8030357,-0.96222115
1747569242506,3201109536,-0.08022696,-0.80267674,-1.0209894
1747569242523,3201126203,-0.16204543,-0.4718964,-0.7543278
1747569242539,3201142870,-0.3295684,-0.7528827,-1.2819862
1747569242556,3201159537,-0.30795202,-0.9245943,-1.4503212
1747569242573,3201176204,-0.06403858,-0.43389577,-1.0287943
1747569242589,3201192871,-0.28600404,-0.08613809,-0.45355415
1747569242606,3201209538,-0.5782263,-0.13814509,-0.7757616
1747569242623,3201226205,-0.48307174,-0.5401653,-1.4925432
1747569242639,3201242872,0.23373029,0.017482067,-1.0331898
1747569242656,3201259539,0.18885884,-0.33353767,-0.28483105
1747569242673,3201276206,-0.094602756,-0.81688243,0.55110836
1747569242689,3201292873,-0.16226974,-0.12869474,1.0744705
1747569242706,3201309540,-0.016944963,0.2558982,1.3565645
1747569242723,3201326207,0.01460456,0.16524045,1.1732769
1747569242739,3201342874,-0.14112887,-0.45279634,0.3490734
1747569242756,3201359541,-0.024122858,-0.31490272,0.51661205
1747569242773,3201376208,0.54044,-0.81083167,0.35052872
1747569242789,3201392875,0.77083033,-0.6778889,-0.06304741
1747569242806,3201409542,0.8665305,-0.8906135,-0.14723778
1747569242823,3201426209,1.3369137,-1.5070541,-0.54696655
1747569242839,3201442876,1.4664437,-1.2921258,-0.48218727
1747569242856,3201459543,1.4270612,-0.40699205,0.008313179
1747569242873,3201476210,0.8849658,-0.7453321,-0.2617731
1747569242889,3201492877,0.6661616,-0.929183,-0.42659855
1747569242906,3201509544,0.6779813,-0.45961305,-0.38455677
1747569242923,3201526211,0.87438023,-0.14681828,-0.11386299
1747569242939,3201542878,0.9205189,0.55466884,0.020192146
1747569242956,3201559545,0.78967386,0.6111016,0.26020336
1747569242973,3201576212,1.0696536,0.21465155,0.83386135
1747569242989,3201592879,1.0347228,0.5357588,0.38367176
1747569243006,3201609546,0.9852014,0.6184581,-0.7979841
1747569243023,3201626213,0.9385791,1.0128322,-0.36649323
1747569243039,3201642880,1.0935501,1.3185642,0.94674015
1747569243056,3201659547,0.77289677,0.61067134,0.7644415
1747569243073,3201676214,0.47574544,0.7293449,0.1619873
1747569243089,3201692881,0.46590382,1.2361887,0.3038044
1747569243106,3201709548,0.2644279,1.5953231,0.71576023
1747569243123,3201726215,-0.2477288,1.759941,0.50630856
1747569243139,3201742882,-0.66637194,1.6955299,0.3657179
1747569243156,3201759549,-1.1803654,1.3927972,0.7398529
1747569243173,3201776216,-1.6869076,0.5327219,0.21455956
1747569243189,3201792883,-1.6558573,1.332617,0.86586094
1747569243206,3201809550,-1.1453018,1.3922459,1.2582808
1747569243223,3201826217,-1.3602268,0.45749214,0.525259
1747569243239,3201842884,-2.0267167,0.36976933,0.034341812
1747569243256,3201859551,-2.1165278,0.3491384,0.28533077
1747569243273,3201876218,-2.217443,0.33356112,0.5398016
1747569243289,3201892885,-2.698752,0.38709226,0.23883533
1747569243306,3201909552,-2.567021,-0.29011267,0.3362589
1747569243323,3201926219,-2.309862,-0.7895059,0.19621658
1747569243339,3201942886,-2.4618244,-0.7594712,-0.33886814
1747569243356,3201959553,-2.9322894,-0.6900129,-1.5609016
1747569243373,3201976220,-2.7013893,-1.0499141,-1.7554703
1747569243389,3201992887,-1.8665665,-1.8927779,-1.553957
1747569243406,3202009554,-1.6508828,-2.224939,-1.2007446
1747569243423,3202026221,-1.6866981,-2.2979143,-0.74084854
1747569243439,3202042888,-1.4213446,-2.0690153,-0.6927366
1747569243456,3202059555,-1.1902765,-2.1471276,-1.0291691
1747569243473,3202076222,-1.2684815,-2.0607111,-1.1411896
1747569243489,3202092889,-1.4481236,-2.1541297,-0.6457834
1747569243506,3202109556,-1.3422371,-2.4187782,-0.9149313
1747569243523,3202126223,-1.0668923,-2.1793702,-1.0110655
1747569243539,3202142890,-1.229231,-1.3342695,-0.5205164
1747569243556,3202159557,-1.46246,-1.5137652,-0.013928413
1747569243573,3202176224,-1.1897405,-2.059824,-0.16655827
1747569243589,3202192891,-0.7786476,-1.8984886,-0.89645386
1747569243606,3202209558,-0.95649093,-1.5239303,-1.1601982
1747569243623,3202226225,-0.9601617,-1.6362658,-0.55559254
1747569243639,3202242892,-0.6200876,-1.488508,-0.5824156
1747569243656,3202259559,-0.26988268,-1.1369737,-0.7645693
1747569243673,3202276226,-0.3583838,-1.1042117,-0.5308571
1747569243689,3202292893,-0.47310266,-0.9043569,-0.83623505
1747569243706,3202309560,-0.46541023,-0.7747596,-0.84584236
1747569243723,3202326227,-0.39025205,-0.46699277,-0.33194542
1747569243739,3202342894,-0.1932341,-0.16732001,-0.055677414
1747569243756,3202359561,-0.35363364,-0.16977821,-0.31311893
1747569243773,3202376228,-0.32531193,-0.4831,-0.52761364
1747569243789,3202392895,-0.16708414,-0.47305667,-0.20611286
1747569243806,3202409562,-0.073761284,-0.37374943,-0.22540379
1747569243823,3202426229,-0.25913885,-0.48393103,-0.3814001
1747569243839,3202442896,-0.3591589,-0.45325342,-0.46722984
1747569243856,3202459563,-0.11089634,-0.35132796,-0.29994488
1747569243873,3202476230,0.25076073,-0.386567,-0.34696484
1747569243889,3202492897,0.059356604,-0.48126855,-0.5101795
1747569243906,3202509564,-0.36738837,-0.25499788,0.09462547
1747569243923,3202526231,-0.45860454,-0.1540116,0.2580309
1747569243939,3202542898,-0.21852934,-0.40291652,-0.09358597
1747569243956,3202559565,-0.051460672,-0.7519047,-0.42092705
1747569243973,3202576232,-0.40155694,-0.50247544,0.03402233
1747569243989,3202592899,-0.5665594,-0.45954666,0.65996075
1747569244006,3202609566,-0.3872756,-0.59299374,-0.22972298
1747569244023,3202626233,-0.29067117,-0.41076452,-0.66841793
1747569244039,3202642900,-0.35692245,-0.1672695,0.20069695
1747569244056,3202659567,-0.33065346,-0.14892176,0.7013216
1747569244073,3202676234,-0.19060123,-0.20840617,0.11860943
1747569244089,3202692901,-0.047135025,-0.32577685,-0.4723835
1747569244106,3202709568,-0.24839255,-0.29385337,0.030479431
1747569244123,3202726235,-0.4728497,-0.11895225,0.5897684
1747569244139,3202742902,-0.44469976,-0.048167042,0.58623695
1747569244156,3202759569,-0.19296935,-0.24373998,-0.11836815
1747569244173,3202776236,-0.30728942,-0.22975299,-0.27732944
1747569244189,3202792903,-0.32890317,-0.3275663,-0.0060777664
1747569244206,3202809570,-0.35236248,-0.36060014,-0.10348892
1747569244223,3202826237,-0.3865758,-0.22149687,-0.27781105
1747569244239,3202842904,-0.452162,-0.3714468,-0.18427277
1747569244256,3202859571,-0.348547,-0.39054596,0.14684868
1747569244273,3202876238,-0.28497797,-0.2936759,0.1753521
1747569244289,3202892905,-0.3278445,-0.3729573,-0.48946285
1747569244306,3202909572,-0.27449337,-0.3184644,-0.8470497
1747569244323,3202926239,-0.2668793,-0.28442067,-0.42043877
1747569244339,3202942906,-0.24369663,-0.23945792,-0.056181908
1747569244356,3202959573,-0.20992728,-0.27152398,-0.24403667
1747569244373,3202976240,-0.21377812,-0.16965215,-0.36744213
1747569244389,3202992907,-0.22686286,-0.20453626,-0.23596096
1747569244406,3203009574,-0.23935762,-0.18021761,-0.0721674
1747569244423,3203026241,-0.30196074,-0.17314968,-0.20964622
1747569244439,3203042908,-0.19435683,-0.24352184,-0.24633408
1747569244456,3203059575,-0.17552878,-0.11683469,-0.1439209
1747569244473,3203076242,-0.2308311,-0.19886798,-0.001739502
1747569244489,3203092909,-0.23909916,-0.23687859,0.041169167
1747569244506,3203109576,-0.20180583,-0.34210357,-0.0142707825
1747569244523,3203126243,-0.18185556,-0.35038605,0.09571648
1747569244539,3203142910,-0.26523927,-0.33467758,0.23438644
1747569244556,3203159577,-0.30105823,-0.330054,0.42112637
1747569244573,3203176244,-0.14381522,-0.28125486,-0.005179405
1747569244589,3203192911,-0.063478574,-0.06823135,-0.45051956
1747569244606,3203209578,-0.22342478,0.02551311,-0.27452564
1747569244623,3203226245,-0.35423017,-0.08329389,0.14097404
1747569244639,3203242912,-0.28922486,-0.23261037,-0.08629608
1747569244656,3203259579,-0.2688478,-0.19505529,-0.28059292
1747569244673,3203276246,-0.24758679,-0.28334424,0.2704153
1747569244689,3203292913,-0.349054,-0.33929223,0.5456562
1747569244706,3203309580,-0.3716267,-0.35610172,0.0492239
1747569244723,3203326247,-0.25983167,-0.28754315,-0.31035233
1747569244739,3203342914,-0.1743885,-0.1778363,-0.24135399
1747569244756,3203359581,-0.30484763,-0.066739626,0.102900505
1747569244773,3203376248,-0.32287222,-0.22105789,0.10114479
1747569244789,3203392915,-0.3318106,-0.24731798,-0.10333443
1747569244806,3203409582,-0.43969715,-0.15997314,0.14223003
1747569244823,3203426249,-0.47906986,-0.25884098,0.18365192
1747569244839,3203442916,-0.4100036,-0.26195183,-0.124648094
1747569244856,3203459583,-0.35487664,-0.1642789,-0.08990383
1747569244873,3203476250,-0.36667183,-0.21380222,0.17603207
1747569244889,3203492917,-0.34369007,-0.25669435,0.20399952
1747569244906,3203509584,-0.35652944,-0.24597198,0.040520668
1747569244923,3203526251,-0.31778836,-0.25869927,0.03409958
1747569244939,3203542918,-0.3300318,-0.27341044,0.109454155
1747569244956,3203559585,-0.3937637,-0.2898002,0.15156937
1747569244973,3203576252,-0.40605012,-0.24616018,-0.17659283
1747569244989,3203592919,-0.395262,-0.18858145,-0.10737324
1747569245006,3203609586,-0.31957364,-0.35250407,0.36056805
1747569245023,3203626253,-0.29253742,-0.36702883,0.055261612
1747569245039,3203642920,-0.3674946,-0.305059,-0.087221146
1747569245056,3203659587,-0.38750905,-0.27084228,0.12824154
1747569245073,3203676254,-0.34316093,-0.28440323,0.07099342
1747569245089,3203692921,-0.29226023,-0.20796673,-0.22010994
1747569245106,3203709588,-0.3646198,-0.18326229,-0.11439896
1747569245123,3203726255,-0.39176512,-0.21981694,0.23739243
1747569245139,3203742922,-0.3922963,-0.18318452,0.1340046
1747569245156,3203759589,-0.36851996,-0.11960983,-0.12101364
1747569245173,3203776256,-0.3096933,-0.14230444,-0.14788628
1747569245189,3203792923,-0.38726887,-0.13903177,0.09001446
1747569245206,3203809590,-0.3786637,-0.2084379,0.2040968
1747569245223,3203826257,-0.29464635,-0.23648788,0.006453514
1747569245239,3203842924,-0.27794713,-0.21428813,-0.03445244
1747569245256,3203859591,-0.2943637,-0.2848467,-0.015925407
1747569245273,3203876258,-0.29730615,-0.24704172,-0.19178677
1747569245289,3203892925,-0.32445684,-0.18975446,-0.058371544
1747569245306,3203909592,-0.3785175,-0.29084355,0.33769894
1747569245323,3203926259,-0.31417266,-0.24880524,0.09125233
1747569245339,3203942926,-0.25816104,-0.23741725,-0.44064045
1747569245356,3203959593,-0.30104193,-0.10059692,-0.44984627
1747569245373,3203976260,-0.4687294,-0.3084738,0.03192711
1747569245389,3203992927,-0.4030088,-0.26467556,0.21970463
1747569245406,3204009594,-0.28559,-0.24059114,0.07746315
1747569245423,3204026261,-0.13587481,-0.22829166,0.031244278
1747569245439,3204042928,-0.21914428,-0.0723954,-0.14210415
1747569245456,3204059595,-0.24498981,-0.13566118,-0.045835495
1747569245473,3204076262,-0.22049592,-0.13092585,0.09015846
1747569245489,3204092929,-0.22775176,-0.19034185,0.14578247
1747569245506,3204109596,-0.26388884,-0.15733434,-0.15093517
1747569245523,3204126263,-0.27236173,-0.15980417,-0.15980816
1747569245539,3204142930,-0.33414143,-0.18328375,0.11367321
1747569245556,3204159597,-0.33612996,-0.17767313,0.17260933
1747569245573,3204176264,-0.2371867,-0.10641988,0.10090351
1747569245589,3204192931,-0.23761478,-0.13923068,-0.05157566
1747569245606,3204209598,-0.40828797,-0.07169849,-0.20761776
1747569245623,3204226265,-0.31465298,-0.23147851,-0.03325081
1747569245639,3204242932,-0.3122101,-0.25066665,0.006662369
1747569245656,3204259599,-0.3389491,-0.17114164,0.092926025
1747569245673,3204276266,-0.39708266,-0.14227001,0.2049923
1747569245689,3204292933,-0.32285038,-0.2168031,0.18223381
1747569245706,3204309600,-0.31197822,-0.15492219,-0.04719639
1747569245723,3204326267,-0.3783284,-0.0651424,-0.17586136
1747569245739,3204342934,-0.2699394,-0.15101832,-0.19062519
1747569245756,3204359601,-0.2859272,-0.14128165,-0.16264248
1747569245773,3204376268,-0.3062804,-0.207129,0.046545982
1747569245789,3204392935,-0.2855402,-0.2544579,0.2943678
1747569245806,3204409602,-0.33123028,-0.18019973,0.20061302
1747569245823,3204426269,-0.33133668,-0.14228164,-0.048819542
1747569245839,3204442936,-0.32835495,-0.1310823,-0.012963295
1747569245856,3204459603,-0.30619577,-0.1122938,0.012586594
1747569245873,3204476270,-0.25272432,-0.21263771,0.2438097
1747569245889,3204492937,-0.22707486,-0.28887036,0.21862507
1747569245906,3204509604,-0.2879605,-0.12243101,-0.11538124
1747569245923,3204526271,-0.3042676,-0.090575494,-0.2335844
1747569245939,3204542938,-0.3202342,-0.17331955,0.0054101944
1747569245956,3204559605,-0.37734368,-0.1488954,-0.050592422
1747569245973,3204576272,-0.33700904,-0.12125667,0.05647278
1747569245989,3204592939,-0.3210602,-0.21808025,0.38345623
1747569246006,3204609606,-0.29730552,-0.18341205,0.33668995
1747569246023,3204626273,-0.30564407,-0.074844204,-0.014949799
1747569246039,3204642940,-0.2858001,-0.13098039,-0.13878727
1747569246056,3204659607,-0.2348107,-0.09055359,-0.19228745
1747569246073,3204676274,-0.21252383,-0.13130626,0.003288269
1747569246089,3204692941,-0.26475847,-0.16847825,0.0020809174
1747569246106,3204709608,-0.25880644,-0.18879022,0.13629627
1747569246123,3204726275,-0.32203093,-0.2732294,0.21811485
1747569246139,3204742942,-0.31001022,-0.18900658,0.12650871
1747569246156,3204759609,-0.21007782,-0.19475801,0.16782665
1747569246173,3204776276,-0.24680574,-0.13051279,0.050596237
1747569246189,3204792943,-0.30708897,-0.10169214,-0.11025047
1747569246206,3204809610,-0.2838837,-0.13815157,-0.1061306
1747569246223,3204826277,-0.24489409,-0.25555265,0.10978985
1747569246239,3204842944,-0.28154206,-0.32915592,0.25742054
1747569246256,3204859611,-0.33412656,-0.2315715,0.032726288
1747569246273,3204876278,-0.33211377,-0.21994792,0.08753967
1747569246289,3204892945,-0.2960448,-0.12910376,0.070926666
1747569246306,3204909612,-0.30070645,-0.103807464,0.19027328
1747569246323,3204926279,-0.34846944,-0.16673218,0.2740755
1747569246339,3204942946,-0.33815503,-0.20443076,0.10472107
1747569246356,3204959613,-0.29402834,-0.24110164,-0.024232864
1747569246373,3204976280,-0.2573198,-0.20586169,0.01026535
1747569246389,3204992947,-0.24509771,-0.25761163,0.065686226
1747569246406,3205009614,-0.2759929,-0.22012763,0.13939476
1747569246423,3205026281,-0.28336102,-0.18824261,0.13377094
1747569246439,3205042948,-0.2904728,-0.09150576,-0.2071209
1747569246456,3205059615,-0.23735857,-0.09029968,-0.18862629
1747569246473,3205076282,-0.21782841,-0.1799695,0.2013073
1747569246490,3205092949,-0.3556727,-0.25374308,0.45987892
1747569246506,3205109616,-0.3630868,-0.2636438,0.2440443
1747569246523,3205126283,-0.24983044,-0.21718977,0.022737503
1747569246540,3205142950,-0.24101005,-0.16814075,0.006901741
1747569246556,3205159617,-0.33475575,-0.10827504,0.03554821
1747569246573,3205176284,-0.2904633,-0.12530404,-0.16111279
1747569246590,3205192951,-0.2422772,-0.15803394,-0.19239807
1747569246606,3205209618,-0.31206185,-0.33945942,0.039938927
1747569246623,3205226285,-0.3618069,-0.31823328,0.077197075
1747569246640,3205242952,-0.30920804,-0.29989,0.05978203
1747569246656,3205259619,-0.27005175,-0.14197946,-0.18864536
1747569246673,3205276286,-0.27472362,0.023856431,-0.12075043
1747569246690,3205292953,-0.27423364,-0.113140024,-0.0130672455
1747569246706,3205309620,-0.25854784,-0.22378117,-0.26263142
1747569246723,3205326287,-0.25818723,-0.23359339,-0.28254223
1747569246740,3205342954,-0.24611074,-0.35831183,0.16519356
1747569246756,3205359621,-0.31098452,-0.37949416,0.18838882
1747569246773,3205376288,-0.36570525,-0.0721321,-0.09725952
1747569246790,3205392955,-0.35623306,0.024823349,-0.010721207
1747569246806,3205409622,-0.2812923,-0.09420982,-0.04300213
1747569246823,3205426289,-0.25800988,-0.09459516,-0.184124
1747569246840,3205442956,-0.23435368,-0.1783696,-0.068431854
1747569246856,3205459623,-0.28259525,-0.37696397,0.15759563
1747569246873,3205476290,-0.3514375,-0.36016566,0.2693262
1747569246890,3205492957,-0.20998618,-0.21291442,0.110985756
1747569246906,3205509624,-0.18347508,-0.06919157,-0.13903236
1747569246923,3205526291,-0.2908788,-0.0071877297,-0.11444187
1747569246940,3205542958,-0.29848117,-0.094962165,0.055336
1747569246956,3205559625,-0.26232633,-0.19669229,0.32536697
1747569246973,3205576292,-0.24084052,-0.2828856,0.20772457
1747569246990,3205592959,-0.2762429,-0.17960696,0.047136307
1747569247006,3205609626,-0.26239678,-0.10715837,-0.043364525
1747569247023,3205626293,-0.26676014,-0.1114449,-0.022644997
1747569247040,3205642960,-0.29345503,-0.0639408,0.023970604
1747569247056,3205659627,-0.26231542,-0.10094248,-0.13769436
1747569247073,3205676294,-0.344649,-0.13243143,-0.06674385
1747569247090,3205692961,-0.39559495,-0.21442045,0.21738148
1747569247106,3205709628,-0.23706824,-0.24903902,0.36472416
1747569247123,3205726295,-0.18800026,-0.15464951,0.03426361
1747569247140,3205742962,-0.2784127,0.009707168,-0.19740963
1747569247156,3205759629,-0.32884154,0.042000767,-0.08919525
1747569247173,3205776296,-0.22490896,-0.13751993,0.25337029
1747569247190,3205792963,-0.2288248,-0.17229764,0.3240261
1747569247206,3205809630,-0.25847083,-0.15233704,0.22800636
1747569247223,3205826297,-0.26352078,-0.11746008,0.19341087
1747569247240,3205842964,-0.29066026,-0.05132081,0.080462456
1747569247256,3205859631,-0.3289356,0.042190306,0.07292652
1747569247273,3205876298,-0.32763925,-0.07927737,0.34627724
1747569247290,3205892965,-0.22549804,-0.26878282,0.3227358
1747569247306,3205909632,-0.26236978,-0.17360832,0.13743973
1747569247323,3205926299,-0.3025848,-0.18628195,0.3625269
1747569247340,3205942966,-0.25245285,-0.21327382,0.3738613
1747569247356,3205959633,-0.20583381,-0.009768858,-0.07505989
1747569247373,3205976300,-0.2087425,-0.0022445172,-0.114212036
1747569247390,3205992967,-0.3024917,-0.12123611,0.09616852
1747569247406,3206009634,-0.30759758,-0.2503962,0.36404133
1747569247423,3206026301,-0.276449,-0.32938343,0.23613453
1747569247440,3206042968,-0.26900417,-0.19337313,0.041870117
1747569247456,3206059635,-0.28056085,-0.1458364,0.053171158
1747569247473,3206076302,-0.29103583,-0.16828425,0.13709736
1747569247490,3206092969,-0.33223736,-0.19081792,0.1858635
1747569247506,3206109636,-0.314914,-0.11430363,0.11370945
1747569247523,3206126303,-0.2317241,-0.23655762,0.16773224
1747569247540,3206142970,-0.23679918,-0.25561523,0.057692528
1747569247556,3206159637,-0.2491229,-0.2682875,-0.16780949
1747569247573,3206176304,-0.3162758,-0.21038559,-0.1190052
1747569247590,3206192971,-0.27218172,-0.19379377,-0.04390335
1747569247606,3206209638,-0.22917001,-0.24577083,-0.025650024
1747569247623,3206226305,-0.25777498,-0.2655924,0.103328705
1747569247640,3206242972,-0.24800724,-0.2316247,-0.022532463
1747569247656,3206259639,-0.2619587,-0.105290696,-0.17138958
1747569247673,3206276306,-0.29391128,-0.055414226,-0.19575405
1747569247690,3206292973,-0.2963969,-0.112541005,-0.15800476
1747569247706,3206309640,-0.23010899,-0.24473104,0.050307274
1747569247723,3206326307,-0.2482593,-0.29534778,0.17690182
1747569247740,3206342974,-0.3095317,-0.19468828,0.005478859
1747569247756,3206359641,-0.2844275,-0.15053418,-0.09389305
1747569247773,3206376308,-0.33480027,-0.1145942,-0.08711624
1747569247790,3206392975,-0.32930672,-0.09679184,-0.034565926
1747569247806,3206409642,-0.22001967,-0.12979978,-0.049001694
1747569247823,3206426309,-0.27227426,-0.1542056,0.049321175
1747569247840,3206442976,-0.3595245,-0.17782155,0.27668476
1747569247856,3206459643,-0.25727645,-0.19585457,0.2689724
1747569247873,3206476310,-0.17633049,-0.089272864,0.06561756
1747569247890,3206492977,-0.21594977,-0.13992895,0.046046257
1747569247906,3206509644,-0.3406038,-0.08974984,0.1571331
1747569247923,3206526311,-0.26148155,-0.18744959,0.2623453
1747569247940,3206542978,-0.18823965,-0.1760835,0.11722374
1747569247956,3206559645,-0.19796358,-0.08658624,0.010694504
1747569247973,3206576312,-0.23106943,-0.17871292,0.21246815
1747569247990,3206592979,-0.26389298,-0.19462301,0.37602043
1747569248006,3206609646,-0.26558134,-0.067438774,0.23574257
1747569248023,3206626313,-0.19326456,-0.09361125,-0.008903503
1747569248040,3206642980,-0.27975675,-0.023898005,-0.12573433
1747569248056,3206659647,-0.32507557,-0.21487686,0.27382565
1747569248073,3206676314,-0.32349104,-0.2915083,0.40093708
1747569248090,3206692981,-0.26161522,-0.18766282,0.08983612
1747569248106,3206709648,-0.18487181,-0.08336184,-0.10348797
1747569248123,3206726315,-0.16323693,-0.054695856,-0.11958122
1747569248140,3206742982,-0.18702017,-0.09698272,-0.07168198
1747569248156,3206759649,-0.26803625,-0.23240654,0.13486195
1747569248173,3206776316,-0.2933882,-0.26591605,0.25120163
1747569248190,3206792983,-0.23031507,-0.21007268,0.10382652
1747569248206,3206809650,-0.20108153,-0.13727942,0.03191185
1747569248223,3206826317,-0.24734034,-0.06954114,-0.039414406
1747569248240,3206842984,-0.27579337,-0.085116416,0.10460663
1747569248256,3206859651,-0.21870954,-0.056831297,0.130373
1747569248273,3206876318,-0.16356957,-0.08415442,-0.052348137
1747569248290,3206892985,-0.14892115,-0.09237611,-0.15978813
1747569248306,3206909652,-0.22417964,-0.16478045,0.030246735
1747569248323,3206926319,-0.2411935,-0.26310426,0.19412518
1747569248340,3206942986,-0.22398569,-0.22534531,0.20116901
1747569248356,3206959653,-0.27059636,-0.10135999,-0.028378487
1747569248373,3206976320,-0.28329524,0.0063209464,-0.118860245
1747569248390,3206992987,-0.1906194,-0.04924035,-0.020931244
1747569248406,3207009654,-0.16749854,-0.20936057,0.17459679
1747569248423,3207026321,-0.24784441,-0.26935682,0.1862917
1747569248440,3207042988,-0.35114473,-0.26807383,0.16438389
1747569248456,3207059655,-0.25509572,-0.20252375,0.07170105
1747569248473,3207076322,-0.21961008,-0.03826989,-0.12245083
1747569248490,3207092989,-0.26337236,0.034598466,-0.12265968
1747569248506,3207109656,-0.28407305,-0.07291753,0.14691639
1747569248523,3207126323,-0.23212296,-0.24452049,0.29771328
1747569248540,3207142990,-0.17508161,-0.2975646,0.18364811
1747569248556,3207159657,-0.25626475,-0.20339277,0.059746742
1747569248573,3207176324,-0.25100034,-0.16032495,0.045441628
1747569248590,3207192991,-0.22406603,-0.06930287,0.05048752
1747569248606,3207209658,-0.24259621,-0.14266966,0.35149288
1747569248623,3207226325,-0.25369486,-0.17827259,0.24385548
1747569248640,3207242992,-0.27515596,-0.1158651,0.14153385
1747569248656,3207259659,-0.23022912,-0.256904,0.18810177
1747569248673,3207276326,-0.2989673,-0.19552734,0.17101765
1747569248690,3207292993,-0.24113147,-0.123276785,0.0525856
1747569248706,3207309660,-0.17370516,-0.07658314,-0.09305477
1747569248723,3207326327,-0.0814935,-0.16940136,-0.043078423
1747569248740,3207342994,-0.16456325,-0.12855035,0.035420418
1747569248756,3207359661,-0.14292765,-0.3010259,0.37587166
1747569248773,3207376328,-0.1414,-0.2910103,0.22073269
1747569248790,3207392995,-0.20328693,-0.108564265,-0.20990181
1747569248806,3207409662,-0.1742123,-0.15330486,-0.11698818
1747569248823,3207426329,-0.20525558,-0.11710827,-0.14438152
1747569248840,3207442996,-0.20918348,-0.0999237,-0.24878788
1747569248856,3207459663,-0.21976648,-0.09094295,-0.17604065
1747569248873,3207476330,-0.27640444,-0.08917809,-0.09996414
1747569248890,3207492997,-0.2342532,-0.0942049,-0.012098312
1747569248906,3207509664,-0.21689183,-0.088178545,0.042424202
1747569248923,3207526331,-0.19036068,-0.17359893,0.037611008
1747569248940,3207542998,-0.23114789,-0.13800405,-0.08086872
1747569248956,3207559665,-0.25760946,-0.22767566,0.11509991
1747569248973,3207576332,-0.23199114,-0.23565462,0.03752041
1747569248990,3207592999,-0.19417682,-0.15366828,0.021051407
1747569249006,3207609666,-0.26401305,-0.04161409,-0.07180309
1747569249023,3207626333,-0.24253754,-0.090572365,-0.10055351
1747569249040,3207643000,-0.24312544,-0.19048177,-0.079255104
1747569249056,3207659667,-0.25048772,-0.24758887,0.06846714
1747569249073,3207676334,-0.32800236,-0.3346883,0.23080444
1747569249090,3207693001,-0.3529355,-0.23369308,0.29976654
1747569249106,3207709668,-0.25223762,-0.16990247,0.2855072
1747569249123,3207726335,-0.22496305,-0.116688065,0.18564034
1747569249140,3207743002,-0.27263612,-0.14420609,0.0848465
1747569249156,3207759669,-0.25978804,-0.23993982,0.04774666
1747569249173,3207776336,-0.3032992,-0.14058116,0.15777206
1747569249190,3207793003,-0.3157956,-0.12708053,0.18470573
1747569249206,3207809670,-0.223712,-0.040900636,0.086339
1747569249223,3207826337,-0.17665409,-0.06386257,-0.039970398
1747569249240,3207843004,-0.14375521,-0.15648365,0.050105095
1747569249256,3207859671,-0.12226991,-0.36020544,0.3147812
1747569249273,3207876338,-0.16442434,-0.34034452,0.06438637
1747569249290,3207893005,-0.24676675,-0.12351728,-0.15654278
1747569249306,3207909672,-0.25238797,-0.21345085,0.08732414
1747569249323,3207926339,-0.26292998,-0.20581251,-0.00039577484
1747569249340,3207943006,-0.26178196,-0.048285503,-0.32788372
1747569249356,3207959673,-0.24085793,0.10988948,-0.41819382
1747569249373,3207976340,-0.23829778,-0.09026213,-0.07619858
1747569249390,3207993007,-0.32942763,-0.30331647,0.106370926
1747569249406,3208009674,-0.37436497,-0.41489726,0.0809412
1747569249423,3208026341,-0.36147588,-0.29720563,0.09664059
1747569249440,3208043008,-0.2596687,-0.22482185,0.14305973
1747569249456,3208059675,-0.18707411,-0.25637338,0.1304903
1747569249473,3208076342,-0.26436237,-0.1244985,0.18248558
1747569249490,3208093009,-0.18984681,-0.3603914,0.27693558
1747569249506,3208109676,-0.097427,-0.6126991,0.60013866
1747569249523,3208126343,-0.16492926,-0.7371945,0.7409172
1747569249540,3208143010,-0.2103967,-0.6072449,0.4936056
1747569249556,3208159677,-0.18220519,-0.3679942,0.25180435
1747569249573,3208176344,-0.13307017,-0.18226498,0.15831566
1747569249590,3208193011,-0.087833636,-0.124651834,0.1884079
1747569249606,3208209678,-0.12685545,-0.21300718,0.2990284
1747569249623,3208226345,-0.07642721,-0.29922038,0.2050333
1747569249640,3208243012,-0.079598464,-0.28218755,0.17041206
1747569249656,3208259679,-0.1651772,-0.33298647,0.20264721
1747569249673,3208276346,-0.17335829,-0.21092023,0.060232162
1747569249690,3208293013,-0.11946653,-0.19240777,0.08616352
1747569249706,3208309680,-0.098304935,-0.12018426,0.2184143
1747569249723,3208326347,-0.14073223,-0.15012404,0.38716316
1747569249740,3208343014,-0.12842275,-0.26807004,0.3399477
1747569249756,3208359681,-0.15764447,-0.24946572,0.1976366
1747569249773,3208376348,-0.14759734,-0.03896233,-0.054403305
1747569249790,3208393015,-0.04566364,-0.10683517,-0.06077671
1747569249806,3208409682,-0.10491553,-0.101208456,0.17940807
1747569249823,3208426349,-0.08860503,0.015751852,0.1489687
1747569249840,3208443016,-0.20497379,0.30543202,0.18501568
1747569249856,3208459683,-0.11923039,0.15681334,0.069556236
1747569249873,3208476350,-0.1278108,0.25713444,0.07895374
1747569249890,3208493017,0.08133595,0.27845556,-0.0427742
1747569249906,3208509684,0.2806807,0.17843755,0.05076027
1747569249923,3208526351,0.32184315,-0.0980491,0.3350048
1747569249940,3208543018,0.23616454,-0.19474751,0.53782177
1747569249956,3208559685,0.26446947,0.0065498236,0.49323177
1747569249973,3208576352,0.3853458,0.39236537,-0.18524075
1747569249990,3208593019,0.5639803,0.3084376,-0.23426056
1747569250006,3208609686,0.60188603,-0.003433159,0.5049572
1747569250023,3208626353,0.49764758,-0.09011104,1.589881
1747569250040,3208643020,0.94917023,0.59324944,0.93599606
1747569250056,3208659687,1.0117918,1.594157,-2.0611129
1747569250073,3208676354,0.66078526,1.4313505,-3.5049453
1747569250090,3208693021,0.2688656,0.19606265,-1.6275492
1747569250106,3208709688,0.54866886,-0.35550854,0.70226574
1747569250123,3208726355,0.6352378,-0.09168278,0.6575823
1747569250140,3208743022,0.60484385,-0.28284493,0.50001717
1747569250156,3208759689,0.66966283,-0.21535428,0.5709238
1747569250173,3208776356,0.70378083,-0.24121518,-0.4980297
1747569250190,3208793023,0.5602941,-0.44319132,-1.8178191
1747569250206,3208809690,0.14814696,-0.81556123,-1.2087088
1747569250223,3208826357,0.16355522,-1.1418611,0.49396992
1747569250240,3208843024,0.33923724,-1.0986422,1.4699907
1747569250256,3208859691,0.43737283,-0.59100133,0.9104185
1747569250273,3208876358,0.10219493,-0.7227184,-0.0040807724
1747569250290,3208893025,-0.34724817,-0.9456415,-0.66045666
1747569250306,3208909692,-0.030076575,-0.88306814,-0.9351368
1747569250323,3208926359,0.35146746,-1.1078892,-1.010129
1747569250340,3208943026,0.27082217,-1.550779,-1.1189423
1747569250356,3208959693,-0.02603803,-2.3733974,-1.3734789
1747569250373,3208976360,-0.3721201,-2.8093147,-2.4943838
1747569250390,3208993027,-0.7146913,-3.1370182,-2.5988894
1747569250406,3209009694,-1.1877762,-3.0877364,-1.8144155
1747569250423,3209026361,-1.1909871,-2.1447203,-1.0020008
1747569250440,3209043028,-0.9844777,-1.2776399,-1.2936144
1747569250456,3209059695,-1.7374076,-1.5224729,-1.839572
1747569250473,3209076362,-3.119416,-2.771051,-2.1443105
1747569250490,3209093029,-4.079645,-3.5634398,-1.7774477
1747569250506,3209109696,-3.301513,-2.7724373,-1.031703
1747569250523,3209126363,-2.7524931,-2.9921312,-1.5212803
1747569250540,3209143030,-3.5186546,-4.311696,-1.62566
1747569250556,3209159697,-3.5765305,-3.628626,-0.5040102
1747569250573,3209176364,-3.049885,-1.4930971,1.3163147
1747569250590,3209193031,-2.771224,0.29696065,1.7124681
1747569250606,3209209698,-3.1502154,0.062719524,0.8963032
1747569250623,3209226365,-2.9305,-0.8779471,0.66034603
1747569250640,3209243032,-2.062415,-0.6977009,1.3642769
1747569250656,3209259699,-1.618036,0.3403235,1.6977587
1747569250673,3209276366,-1.9549983,1.7706501,1.4057198
1747569250690,3209293033,-2.224966,2.4862797,1.1102543
1747569250706,3209309700,-1.5652454,1.9279108,0.76703453
1747569250723,3209326367,-0.93177587,0.55173415,-0.344594
1747569250740,3209343034,-0.7022522,1.2815872,0.92068195
1747569250756,3209359701,-1.0737046,3.489706,2.51365
1747569250773,3209376368,-1.5570765,3.4203408,1.6564035
1747569250790,3209393035,-0.97481596,1.6640859,0.4014368
1747569250806,3209409702,-0.2098438,0.74185425,-0.28693008
1747569250823,3209426369,-0.47585663,1.1599904,-0.27600098
1747569250840,3209443036,-0.7247906,2.088487,0.12767601
1747569250856,3209459703,0.04727545,2.0589902,0.9091034
1747569250873,3209476370,1.0593454,1.2852463,0.8410425
1747569250890,3209493037,1.5589178,0.97828895,0.6747656
1747569250906,3209509704,1.3180863,0.81367296,-0.6213188
1747569250923,3209526371,1.2122388,0.5598566,-0.59240437
1747569250940,3209543038,1.3253094,0.0017657523,-0.1108284
1747569250956,3209559705,1.7493112,-0.17360586,-0.107468605
1747569250973,3209576372,1.8119984,-0.08412067,-0.8720608
1747569250990,3209593039,1.6149333,-0.24717315,-1.102417
1747569251006,3209609706,1.6453861,-0.32751286,-0.5158167
1747569251023,3209626373,1.4199384,-0.059179302,0.08986187
1747569251040,3209643040,1.2534661,-0.20512655,0.007566452
1747569251056,3209659707,0.95514315,-0.44468865,-0.6135235
1747569251073,3209676374,0.7618989,-0.4397584,-0.47902584
1747569251090,3209693041,1.013123,-0.63803095,-0.15287971
1747569251106,3209709708,0.75580126,-0.60876703,-0.54219437
1747569251123,3209726375,0.46794304,-0.25899363,-0.54222584
1747569251140,3209743042,0.38504097,-0.77598435,-0.9870434
1747569251156,3209759709,0.5605075,-1.238283,-1.2348099
1747569251173,3209776376,0.44803128,-0.59390813,-0.74727154
1747569251190,3209793043,0.06186235,-0.11218294,-0.40712547
1747569251206,3209809710,0.005351571,-0.41321623,-0.37399673
1747569251223,3209826377,0.1712991,-0.76070106,-0.74284935
1747569251240,3209843044,0.7885207,-0.3713918,-0.43628693
1747569251256,3209859711,0.8117146,-1.0120655,2.168582
1747569251273,3209876378,0.0061949966,-0.73732746,1.0221815
1747569251290,3209893045,-0.40111893,0.16846037,0.631052
1747569251306,3209909712,-0.3515156,-0.32727996,0.14042377
1747569251323,3209926379,-0.12425409,-0.7574242,-0.59477234
1747569251340,3209943046,-0.17431004,-0.7605508,-1.018301
1747569251356,3209959713,-0.16793087,-0.74233043,-1.0253315
1747569251373,3209976380,-0.306927,0.4115153,-0.6165819
1747569251390,3209993047,0.1332488,0.510416,0.11182976
1747569251406,3210009714,-0.23712109,0.042642694,0.3553381
1747569251423,3210026381,-0.28877348,-0.38095415,0.08469772
1747569251440,3210043048,-0.23733221,-0.32704237,0.045755386
1747569251456,3210059715,-0.16176158,-0.08013811,0.23908329
1747569251473,3210076382,0.16390294,-0.74065197,0.0052318573
1747569251490,3210093049,0.7816458,-0.16223845,-0.12742138
1747569251506,3210109716,1.5816253,0.4364779,0.24859905
1747569251523,3210126383,2.8096259,-0.92744285,-0.19959259
1747569251540,3210143050,3.4145238,-1.2389338,-0.1444292
1747569251556,3210159717,3.480116,-0.47679403,0.72356987
1747569251573,3210176384,4.4271193,-0.2788152,0.72523975
1747569251590,3210193051,4.546915,-0.35836145,0.34686184
1747569251606,3210209718,3.834944,-1.0567378,-0.5711155
1747569251623,3210226385,3.0809088,-0.7593055,-0.8556614
1747569251640,3210243052,2.9714165,0.58621997,-1.2483578
1747569251656,3210259719,2.8024216,1.6181916,-0.98219585
1747569251673,3210276386,1.6411567,1.6301167,-1.3119593
1747569251690,3210293053,0.36636734,1.732872,-2.0522866
1747569251706,3210309720,-0.71611786,1.6134988,-2.2723112
1747569251723,3210326387,-1.999461,1.3212823,-2.429338
1747569251740,3210343054,-3.6001732,1.5170245,-1.5767384
1747569251756,3210359721,-4.2884297,2.5782566,-0.9831772
1747569251773,3210376388,-3.7632506,2.3576508,-1.4700756
1747569251790,3210393055,-4.470916,0.08294074,-2.0310755
1747569251806,3210409722,-6.3391504,-0.27972782,0.42708492
1747569251823,3210426389,-5.96618,1.6070671,2.9186754
1747569251840,3210443056,-4.97359,2.1058826,2.4510908
1747569251856,3210459723,-4.5385942,0.71869785,1.5915775
1747569251873,3210476390,-4.130107,-0.3835469,1.6070547
1747569251890,3210493057,-3.2207582,-1.9124551,0.6486664
1747569251906,3210509724,-2.5852256,-3.0099673,0.27788734
1747569251923,3210526391,-2.6535285,-2.356921,0.36111927
1747569251940,3210543058,-2.3798838,-1.4860215,0.12674141
1747569251956,3210559725,-1.588074,-2.037828,0.03618908
1747569251973,3210576392,-1.3422923,-2.5699666,0.052988052
1747569251990,3210593059,-1.5799806,-2.4252994,-0.30350685
1747569252006,3210609726,-1.6811808,-2.119037,-1.0525103
1747569252023,3210626393,-1.1909058,-0.6487878,-0.3763609
1747569252040,3210643060,-0.9556962,0.0864338,0.36218834
1747569252056,3210659727,-0.5663891,-0.6984878,0.24104881
1747569252073,3210676394,-0.13434067,-1.2503637,-0.05543804
1747569252090,3210693061,0.18808414,-1.171613,-0.3145218
1747569252106,3210709728,0.5876554,-0.74623376,-0.46560097
1747569252123,3210726395,0.5528398,-1.5222481,-1.0897083
1747569252140,3210743062,0.56736445,-2.056599,-1.3668947
1747569252156,3210759729,1.2776743,-1.3082095,-0.13990974
1747569252173,3210776396,1.6750876,-0.79263777,0.32922363
1747569252190,3210793063,1.4324731,-0.42801425,0.37523174
1747569252206,3210809730,0.9082495,-1.04608,-0.7943039
1747569252223,3210826397,0.69929665,-1.0100099,-0.7143698
1747569252240,3210843064,0.48854372,-1.205367,-0.7578249
1747569252256,3210859731,0.4670017,-0.82060266,-0.3558998
1747569252273,3210876398,0.12239111,-0.3324677,-0.2617941
1747569252290,3210893065,0.022125883,0.41906914,-0.16352749
1747569252306,3210909732,0.14499845,0.1986639,-0.24277401
1747569252323,3210926399,0.17290616,-0.17547734,-0.46187782
1747569252340,3210943066,0.06444437,-0.30474505,-0.2812004
1747569252356,3210959733,-0.04064013,-0.658254,-0.54266834
1747569252373,3210976400,-0.044775456,-0.53896964,-0.8285408
1747569252390,3210993067,-0.14528543,-0.33821467,-0.2874155
1747569252406,3211009734,0.05240507,-0.9796567,-0.6577749
1747569252423,3211026401,0.31530917,-0.8637785,-0.17220688
1747569252440,3211043068,0.26822594,-0.87807155,-0.31549644
1747569252456,3211059735,-0.35732368,0.32449868,-0.17324924
1747569252473,3211076402,-0.45020068,0.57642484,-0.25040245
1747569252490,3211093069,-0.246629,-0.3013586,-0.75386906
1747569252506,3211109736,-0.19939177,-0.61742806,-0.6984453
1747569252523,3211126403,-0.42922735,-0.99802446,-0.45464325
1747569252540,3211143070,-0.40098,-0.7049421,0.1314888
1747569252556,3211159737,-0.08196041,-0.037409365,0.63959026
1747569252573,3211176404,-0.013867191,0.33607474,0.9158659
1747569252590,3211193071,0.04281156,-0.02745812,0.04813099
1747569252606,3211209738,0.029702414,-0.8543815,-0.55324936
1747569252623,3211226405,0.110056214,-1.200954,-0.7295799
1747569252640,3211243072,0.33052582,-0.94529706,-0.26011848
1747569252656,3211259739,0.5165424,-0.9428124,0.08564186
1747569252673,3211276406,0.37740085,-0.8572059,0.1801033
1747569252690,3211293073,0.36223593,-0.66545296,0.5809431
1747569252706,3211309740,0.34978938,-0.6190779,0.7974119
1747569252723,3211326407,0.49197122,-0.31290495,0.8679409
1747569252740,3211343074,0.61294866,-0.35951546,0.6889696
1747569252756,3211359741,0.69034505,-0.47339374,0.3322773
1747569252773,3211376408,0.46930525,-0.8584459,-0.104483604
1747569252790,3211393075,0.42834616,-1.107372,0.12911892
1747569252806,3211409742,0.40112036,-0.7959349,0.61172104
1747569252823,3211426409,0.36793932,-0.69132245,0.5801296
1747569252840,3211443076,0.27554107,-0.6481135,0.5034065
1747569252856,3211459743,0.16128874,-0.50161827,0.42039585
1747569252873,3211476410,0.20323408,-0.20224302,0.5708895
1747569252890,3211493077,0.06408228,-0.37977803,0.12692833
1747569252906,3211509744,-0.21949777,-0.4100173,-0.46742344
1747569252923,3211526411,-0.0336235,-0.3436914,-0.34443283
1747569252940,3211543078,-0.021496136,-0.49647224,-0.2120943
1747569252956,3211559745,-0.22362605,-0.62349534,-0.041773796
1747569252973,3211576412,-0.20618422,-0.18809174,0.46680546
1747569252990,3211593079,-0.37458313,0.28155234,0.2714224
1747569253006,3211609746,-0.39655355,0.08165599,-0.2111454
1747569253023,3211626413,-0.30353954,-0.5690135,-0.43150902
1747569253040,3211643080,-0.24297221,-0.6007085,-0.060274124
1747569253056,3211659747,-0.2916509,-0.26388845,-0.048413277
1747569253073,3211676414,-0.34582797,-0.13323931,-0.094696045
1747569253090,3211693081,-0.41002938,-0.49911046,-0.17702866
1747569253106,3211709748,-0.36743742,-0.433148,0.14171124
1747569253123,3211726415,-0.2463182,-0.17344885,0.20184994
1747569253140,3211743082,-0.37153822,-0.23780002,-0.31199932
1747569253156,3211759749,-0.45708355,-0.37909418,-0.25968075
1747569253173,3211776416,-0.3928135,-0.43574777,-0.047101974
1747569253190,3211793083,-0.45443067,-0.4131133,-0.2228651
1747569253206,3211809750,-0.6756781,-0.19210045,-0.23882103
1747569253223,3211826417,-0.5494373,-0.31814095,-0.20079422
1747569253240,3211843084,-0.48611274,-0.75830525,-0.7119541
1747569253256,3211859751,-0.61489195,-0.6103418,-0.67723846
1747569253273,3211876418,-0.64401126,-0.043084357,-0.12887383
1747569253290,3211893085,-0.66835964,-0.0043421863,-0.059702873
1747569253306,3211909752,-0.6531044,-0.23628639,-0.2124424
1747569253323,3211926419,-0.704438,-0.37723097,-0.370059
1747569253340,3211943086,-1.001378,-0.04004782,-0.53718567
1747569253356,3211959753,-0.97525406,0.09938906,-0.40458488
1747569253373,3211976420,-0.7234839,-0.49096063,-0.70893955
1747569253390,3211993087,-0.7786722,-0.75116354,-0.8514557
1747569253406,3212009754,-0.9661153,-0.2883086,-0.8348255
1747569253423,3212026421,-0.82534415,-0.28879037,-0.95286465
1747569253440,3212043088,-0.6664803,-0.62383497,-0.86518764
1747569253456,3212059755,-0.62702715,-0.6982941,-0.6260729
1747569253473,3212076422,-0.8495855,-0.377004,-0.476408
1747569253490,3212093089,-1.0359612,-0.045800712,-0.32637691
1747569253506,3212109756,-0.9754492,-0.16823205,-0.42873573
1747569253523,3212126423,-0.98971784,-0.25265726,-0.6159229
1747569253540,3212143090,-0.8337201,-0.14840366,-0.60991096
1747569253556,3212159757,-0.5601009,-0.32812148,-0.5583868
1747569253573,3212176424,-0.8746053,-0.38294855,-0.53005123
1747569253590,3212193091,-0.9332759,-0.23072203,-0.45441818
1747569253606,3212209758,-0.6016484,-0.34341124,-0.6259699
1747569253623,3212226425,-0.4829545,-0.451755,-0.59352493
1747569253640,3212243092,-0.69918114,-0.3770068,-0.42231846
1747569253656,3212259759,-0.8243135,-0.23823474,-0.34277153
1747569253673,3212276426,-0.7218085,-0.42683068,-0.55046463
1747569253690,3212293093,-0.553963,-0.2779636,-0.40454388
1747569253706,3212309760,-0.8307552,-0.28659603,-0.4471159
1747569253723,3212326427,-0.8857787,-0.24289678,-0.49766922
1747569253740,3212343094,-0.71288854,-0.33330375,-0.6302633
1747569253756,3212359761,-0.8011507,-0.20570937,-0.3385811
1747569253773,3212376428,-0.9076575,-0.20354353,-0.47406197
1747569253790,3212393095,-0.78785837,-0.34208417,-0.526165
1747569253806,3212409762,-0.72137755,-0.368991,-0.53426075
1747569253823,3212426429,-0.44159344,-0.33194473,-0.43772507
1747569253840,3212443096,-0.49606153,-0.63210416,-0.52685356
1747569253856,3212459763,-0.86489344,-0.371003,-0.3992777
1747569253873,3212476430,-0.8445073,0.07035148,-0.08421993
1747569253890,3212493097,-0.7861798,-0.069289684,-0.13560295
1747569253906,3212509764,-0.54255444,-0.35100222,-0.2516737
1747569253923,3212526431,-0.33719411,-0.4717402,-0.48777008
1747569253940,3212543098,-0.35735586,-0.5167915,-0.4765377
1747569253956,3212559765,-0.41201684,-0.3371399,-0.19114399
1747569253973,3212576432,-0.4212971,-0.240299,-0.0070667267
1747569253990,3212593099,-0.61339664,-0.28376636,-0.16645908
1747569254006,3212609766,-0.53908867,-0.2589202,-0.28508377
1747569254023,3212626433,-0.5002926,-0.26117814,-0.44183826
1747569254040,3212643100,-0.2502373,-0.4362095,-0.43202877
1747569254056,3212659767,-0.34314692,-0.32020745,-0.063715935
1747569254073,3212676434,-0.50010777,-0.29378542,-0.11196709
1747569254090,3212693101,-0.44100136,-0.3005722,-0.3876133
1747569254106,3212709768,-0.62108326,-0.24440494,-0.3029709
1747569254123,3212726435,-0.74580616,-0.15499115,-0.23812008
1747569254140,3212743102,-0.47552225,-0.36223036,-0.38760185
1747569254156,3212759769,-0.30405608,-0.31279063,-0.108490944
1747569254173,3212776436,-0.39753032,-0.3894671,-0.24382019
1747569254190,3212793103,-0.3086667,-0.67976904,-0.52230644
1747569254206,3212809770,-0.36800736,-0.5868385,-0.28089714
1747569254223,3212826437,-0.7249902,-0.06649164,0.22678757
1747569254240,3212843104,-0.6065078,-0.0589901,0.04494381
1747569254256,3212859771,-0.3552126,-0.58769333,-0.48903465
1747569254273,3212876438,-0.43507066,-0.5841075,-0.5322323
1747569254290,3212893105,-0.51549506,-0.43127412,-0.34139347
1747569254306,3212909772,-0.4731881,-0.34872904,-0.10307789
1747569254323,3212926439,-0.46658665,-0.26653025,0.08111
1747569254340,3212943106,-0.5136236,-0.28403947,-0.110072136
1747569254356,3212959773,-0.43022063,-0.40212896,-0.39783955
1747569254373,3212976440,-0.34090152,-0.26835278,-0.2134409
1747569254390,3212993107,-0.2345925,-0.38780123,-0.19528961
1747569254406,3213009774,-0.32748985,-0.48750836,-0.22324657
1747569254423,3213026441,-0.39115617,-0.4685739,-0.1477623
1747569254440,3213043108,-0.48398513,-0.2616997,-0.061494827
1747569254456,3213059775,-0.56925887,-0.2255505,-0.1079998
1747569254473,3213076442,-0.37982184,-0.36701554,-0.12915134
1747569254490,3213093109,-0.40213445,-0.43073773,-0.16159916
1747569254506,3213109776,-0.32845563,-0.53015494,-0.2870922
1747569254523,3213126443,-0.34660354,-0.46135455,-0.26276207
1747569254540,3213143110,-0.45947492,-0.42799434,-0.26752377
1747569254556,3213159777,-0.5029882,-0.38118738,-0.027352333
1747569254573,3213176444,-0.51289386,-0.20128772,0.17479324
1747569254590,3213193111,-0.5459,-0.31348485,-0.18419266
1747569254606,3213209778,-0.41660467,-0.47714555,-0.4071989
1747569254623,3213226445,-0.37727535,-0.5544048,-0.30033016
1747569254640,3213243112,-0.48074216,-0.33595628,-0.119377136
1747569254656,3213259779,-0.54457235,-0.27747735,-0.24992752
1747569254673,3213276446,-0.5112343,-0.35336897,-0.27273464
1747569254690,3213293113,-0.3763404,-0.30216762,-0.09740162
1747569254706,3213309780,-0.35644773,-0.43040705,-0.11108971
1747569254723,3213326447,-0.28458273,-0.44005084,-0.17711163
1747569254740,3213343114,-0.33924752,-0.5082384,-0.356575
1747569254756,3213359781,-0.4520527,-0.44957173,-0.23568058
1747569254773,3213376448,-0.62537676,-0.10123148,0.14410496
1747569254790,3213393115,-0.6153307,0.0021563412,0.20012093
1747569254806,3213409782,-0.5584386,-0.53598535,-0.31819153
1747569254823,3213426449,-0.424644,-0.6391101,-0.6482744
1747569254840,3213443116,-0.35192987,-0.44960883,-0.40077782
1747569254856,3213459783,-0.48492163,-0.43473282,-0.23714066
1747569254873,3213476450,-0.51595217,-0.3093019,-0.19816875
1747569254890,3213493117,-0.57430625,-0.2051631,-0.048438072
1747569254906,3213509784,-0.5099287,-0.077759825,0.014081955
1747569254923,3213526451,-0.39407235,-0.4693571,-0.35929394
1747569254940,3213543118,-0.29595754,-0.5492007,-0.34056854
1747569254956,3213559785,-0.48926115,-0.33423156,-0.1012373
1747569254973,3213576452,-0.6748209,-0.24116634,-0.13680458
1747569254990,3213593119,-0.63508123,-0.28483263,-0.3727188
1747569255006,3213609786,-0.4542597,-0.3764384,-0.2837038
1747569255023,3213626453,-0.34470013,-0.4223799,-0.09460354
1747569255040,3213643120,-0.41766256,-0.5169459,-0.11202049
1747569255056,3213659787,-0.4740808,-0.5967037,-0.28418636
1747569255073,3213676454,-0.6006819,-0.19222315,-0.24363041
1747569255090,3213693121,-0.7355684,-0.25253275,-0.2879057
1747569255106,3213709788,-0.72113144,-0.06883808,-0.0723362
1747569255123,3213726455,-0.6286282,-0.19416872,-0.23125362
1747569255140,3213743122,-0.39689353,-0.5453804,-0.5299473
1747569255156,3213759789,-0.3176841,-0.5634903,-0.4558878
1747569255173,3213776456,-0.3705362,-0.39732456,-0.05286312
1747569255190,3213793123,-0.47836354,-0.1979348,0.13210201
1747569255206,3213809790,-0.56570256,-0.27224335,-0.182168
1747569255223,3213826457,-0.503382,-0.26653016,-0.29442596
1747569255240,3213843124,-0.49397302,-0.28599533,-0.16905022
1747569255256,3213859791,-0.4226165,-0.11154928,0.14307404
1747569255273,3213876458,-0.4275805,-0.19748029,-0.14416885
1747569255290,3213893125,-0.36076355,-0.43518552,-0.51955986
1747569255306,3213909792,-0.3850983,-0.39029944,-0.45219707
1747569255323,3213926459,-0.5209338,-0.3164007,-0.23748589
1747569255340,3213943126,-0.58146626,-0.07110684,-0.066563606
1747569255356,3213959793,-0.5508512,-0.2147879,-0.306427
1747569255373,3213976460,-0.4838919,-0.29837516,-0.29877853
1747569255390,3213993127,-0.42811894,-0.16465841,-0.10077286
1747569255406,3214009794,-0.3565186,-0.12077321,0.0110292435
1747569255423,3214026461,-0.33875513,-0.18900579,-0.1120491
1747569255440,3214043128,-0.47455087,-0.35297346,-0.4647131
1747569255456,3214059795,-0.46834078,-0.31440327,-0.42492485
1747569255473,3214076462,-0.36368686,-0.13084248,-0.07320213
1747569255490,3214093129,-0.40295362,-0.07396547,0.14298439
1747569255506,3214109796,-0.4661461,-0.15550523,-0.045931816
1747569255523,3214126463,-0.5584833,-0.49500978,-0.5654144
1747569255540,3214143130,-0.487178,-0.7164757,-0.83030415
1747569255556,3214159797,-0.44484174,-0.568514,-0.6004238
1747569255573,3214176464,-0.54037344,-0.48701707,-0.45051575
1747569255590,3214193131,-0.644589,-0.294558,-0.3446102
1747569255606,3214209798,-0.6634765,-0.17522879,-0.35617065
1747569255623,3214226465,-0.72715,-0.26857126,-0.49729824
1747569255640,3214243132,-0.75733745,-0.20591009,-0.5540104
1747569255656,3214259799,-0.78523296,-0.2586008,-0.551569
1747569255673,3214276466,-0.776596,-0.16435355,-0.4523077
1747569255690,3214293133,-0.7220443,0.0029711577,-0.2770176
1747569255706,3214309800,-0.72516966,-0.11400793,-0.3937044
1747569255723,3214326467,-0.50629526,-0.41604584,-0.57114315
1747569255740,3214343134,-0.46040496,-0.4333136,-0.7202196
1747569255756,3214359801,-0.59093654,-0.3931209,-0.8694296
1747569255773,3214376468,-0.7873637,-0.106940106,-0.86650944
1747569255790,3214393135,-0.85516125,0.05060311,-0.65152264
1747569255806,3214409802,-0.8129924,0.10494917,-0.49323082
1747569255823,3214426469,-0.7816056,0.10908561,-0.5423403
1747569255840,3214443136,-0.67142755,0.09465304,-0.6870575
1747569255856,3214459803,-0.8764618,-0.030466491,-0.8426008
1747569255873,3214476470,-1.1807141,-0.15030599,-0.7637348
1747569255890,3214493137,-1.0534128,-0.044119783,-0.4903965
1747569255906,3214509804,-0.64371306,0.062931076,-0.27597523
1747569255923,3214526471,-0.782503,-0.057160534,-0.4543419
1747569255940,3214543138,-1.1851547,-0.08109877,-0.7364168
1747569255956,3214559805,-1.2660619,0.0024323796,-0.5524025
1747569255973,3214576472,-0.78889567,0.19870402,-0.11874199
1747569255990,3214593139,-0.38737947,0.10527438,-0.048142433
1747569256006,3214609806,-0.68746215,-0.32587686,-0.49382877
1747569256023,3214626473,-1.2967806,-0.3650076,-0.8891783
1747569256040,3214643140,-1.1215844,0.12237826,-0.20600319
1747569256056,3214659807,-0.97888505,0.34926873,-0.103307724
1747569256073,3214676474,-0.5350996,0.20030136,0.2450943
1747569256090,3214693141,-0.47328755,-0.60102445,-0.19556427
1747569256106,3214709808,-0.9565152,-0.5562156,-0.34935284
1747569256123,3214726475,-1.1208124,-0.0027378101,0.0668869
1747569256140,3214743142,-0.7606535,0.07348793,0.095799446
1747569256156,3214759809,-0.66785026,0.010593285,-0.13346481
1747569256173,3214776476,-0.79740816,-0.3144796,-0.49802494
1747569256190,3214793143,-0.81059164,-0.15050244,-0.054089546
1747569256206,3214809810,-0.35843208,-0.22567701,0.44730473
1747569256223,3214826477,-0.11727077,-0.29910392,0.36984062
1747569256240,3214843144,-0.34141627,-0.31664354,-0.13939762
1747569256256,3214859811,-0.54939437,-0.72934926,-0.62510586
1747569256273,3214876478,-0.41725376,-0.70694846,-0.021369934
1747569256290,3214893145,0.008477846,-0.3388187,0.47058582
1747569256306,3214909812,-0.002310677,-0.25884432,0.33309746
1747569256323,3214926479,-0.5398041,-0.40033048,-0.47392273
1747569256340,3214943146,-0.6101955,-0.48585647,-0.37078094
1747569256356,3214959813,-0.10623861,-0.54583776,0.33502102
1747569256373,3214976480,0.006345086,-0.56824356,-0.045297623
1747569256390,3214993147,-0.056615833,-0.30756333,-0.36781883
1747569256406,3215009814,-0.2233955,-0.17888983,-0.68889046
1747569256423,3215026481,-0.19708568,-0.31376648,-0.09643841
1747569256440,3215043148,0.09824736,-0.8298788,0.15836716
1747569256456,3215059815,0.24966185,-0.99791,-0.017568588
1747569256473,3215076482,0.015592376,-0.5724827,-0.27831268
1747569256490,3215093149,-0.18543495,-0.13184962,-0.27093983
1747569256506,3215109816,-0.116570055,-0.16907704,-0.31896114
1747569256523,3215126483,0.13707714,-0.22448143,-0.24846268
1747569256540,3215143150,0.23996016,-0.7211336,-0.4235735
1747569256556,3215159817,0.075036876,-0.6023616,-0.32888317
1747569256573,3215176484,0.15724327,-0.21301098,0.10963917
1747569256590,3215193151,0.2794844,-0.2833676,-0.3707304
1747569256606,3215209818,0.23671955,-0.29966092,-0.5842228
1747569256623,3215226485,0.249438,-0.52569574,-0.74611187
1747569256640,3215243152,0.31529197,-0.3797578,-0.15207672
1747569256656,3215259819,0.5012029,-0.44962335,0.4045601
1747569256673,3215276486,0.5914809,-0.8120236,0.23755741
1747569256690,3215293153,0.466647,-0.3246642,0.081762314
1747569256706,3215309820,0.27598473,0.1379475,0.054000854
1747569256723,3215326487,0.34768626,-0.016939376,0.19525623
1747569256740,3215343154,0.4688762,-0.50608695,0.4787073
1747569256756,3215359821,0.3153474,0.29893115,3.0587006
1747569256773,3215376488,0.7828223,-0.7604789,0.6987591
1747569256790,3215393155,0.19973688,-1.2656672,-0.8676882
1747569256806,3215409822,-0.3788072,-0.45398554,-0.6346531
1747569256823,3215426489,-0.29619902,-0.42065674,0.156847
1747569256840,3215443156,-0.25375235,0.0632012,0.35376358
1747569256856,3215459823,-0.18817902,0.15658557,0.3858595
1747569256873,3215476490,-0.056397907,-0.16867115,-0.24979305
1747569256890,3215493157,0.10646492,-0.643571,-0.7941103
1747569256906,3215509824,0.034671888,-0.5715706,-0.5728712
1747569256923,3215526491,-0.13149434,-0.052514147,-0.46097755
1747569256940,3215543158,-0.31878424,-0.10955845,-0.23361588
1747569256956,3215559825,-0.33428475,-0.15574516,0.015528679
1747569256973,3215576492,-0.10370174,-0.21867256,-0.14876366
1747569256990,3215593159,-0.071408704,-0.4975718,-0.6604347
1747569257006,3215609826,-0.30172965,-0.20804206,-0.2634678
1747569257023,3215626493,-0.22846723,-0.30873263,-0.14317322
1747569257040,3215643160,-0.19128026,-0.37302044,-0.21314144
1747569257056,3215659827,-0.25869802,-0.35696328,-0.23689461
1747569257073,3215676494,-0.3040324,-0.36162922,-0.11254406
1747569257090,3215693161,-0.3468722,0.06606842,-0.15331936
1747569257106,3215709828,-0.24080694,-0.26098457,-0.89887524
1747569257123,3215726495,-0.13080257,-0.045871116,-0.80882454
1747569257140,3215743162,-0.027678503,-0.26738587,-0.77051926
1747569257156,3215759829,0.11130599,-0.48679936,-0.4391756
1747569257173,3215776496,0.23838338,-0.46641836,-0.08429146
1747569257190,3215793163,0.16729409,-0.31414992,0.30499172
1747569257206,3215809830,0.14056686,-0.28306508,0.5928793
1747569257223,3215826497,0.13696751,-0.33139083,0.6647558
1747569257240,3215843164,0.13253021,-0.09301246,0.66207504
1747569257256,3215859831,0.33653116,0.49978772,0.48730183
1747569257273,3215876498,0.6329134,0.3309049,0.2390852
1747569257290,3215893165,0.93488437,-0.36249086,-0.06511116
1747569257306,3215909832,1.2810706,-0.5458087,-0.24365997
1747569257323,3215926499,1.4186468,-0.19160804,-0.010883331
1747569257340,3215943166,1.8027322,0.34641847,0.3018856
1747569257356,3215959833,2.2289083,-0.353186,-0.2808056
1747569257373,3215976500,2.2913892,-0.8304421,-0.55017376
1747569257390,3215993167,2.218967,-0.5559631,-0.3903036
1747569257406,3216009834,2.2063704,-0.32236692,-0.31527138
1747569257423,3216026501,2.2577474,-0.26672873,-0.5552616
1747569257440,3216043168,2.055196,-0.67002153,-0.7289858
1747569257456,3216059835,1.796548,-0.9294701,-1.1167173
1747569257473,3216076502,1.5496366,-0.59310985,-1.2539396
1747569257490,3216093169,1.4888519,-0.07699731,-1.0661993
1747569257506,3216109836,1.5040396,0.065128095,-1.3877106
1747569257523,3216126503,1.1091814,0.25344905,-1.4946947
1747569257540,3216143170,0.7478842,0.10213771,-1.4442835
1747569257556,3216159837,0.34385255,-0.08958701,-1.3429117
1747569257573,3216176504,-0.15872593,-0.04154614,-1.6440077
1747569257590,3216193171,-0.3407597,-0.039964452,-1.5528212
1747569257606,3216209838,-0.63144654,0.30833745,-1.4478569
1747569257623,3216226505,-0.8774601,-0.094387285,-1.3810654
1747569257640,3216243172,-0.9521915,-0.6370408,-1.5322266
1747569257656,3216259839,-1.2959589,-0.5438405,-1.9743433
1747569257673,3216276506,-1.547985,-0.5215851,-2.2694411
1747569257690,3216293173,-1.6235659,-0.7780244,-2.212802
1747569257706,3216309840,-1.7137845,-1.1465954,-2.570527
1747569257723,3216326507,-1.8726497,-1.3250202,-2.6615796
1747569257740,3216343174,-1.8258766,-1.2530016,-2.6410794
1747569257756,3216359841,-2.0156274,-0.9430581,-2.9724822
1747569257773,3216376508,-2.293042,-0.038927685,-2.365706
1747569257790,3216393175,-2.0269845,-0.25952995,-1.5028276
1747569257806,3216409842,-1.8849176,-1.2894559,-2.305975
1747569257823,3216426509,-1.8883637,-0.9051984,-1.7080116
1747569257840,3216443176,-1.5135947,-0.5015526,-1.0379887
1747569257856,3216459843,-1.3365464,0.45514256,-0.87202835
1747569257873,3216476510,-1.7066671,1.3447796,0.6551428
1747569257890,3216493177,-1.5678196,0.48185527,2.9280882
1747569257906,3216509844,-1.1488383,-0.6587421,2.723959
1747569257923,3216526511,-1.1245127,-0.8215657,2.6842422
1747569257940,3216543178,-1.473279,-0.7554776,2.5590487
1747569257956,3216559845,-2.124329,-0.24008599,3.263134
1747569257973,3216576512,-2.0662034,-0.35858127,3.9170218
1747569257990,3216593179,-1.9077711,-0.09099302,3.4901323
1747569258006,3216609846,-1.8845296,0.117108494,2.3069515
1747569258023,3216626513,-1.7068728,-0.10594682,1.1112881
1747569258040,3216643180,-1.4132031,-0.41225848,0.87490654
1747569258056,3216659847,-0.9694184,-0.6798048,0.761816
1747569258073,3216676514,-0.7330593,-0.62809783,0.51503277
1747569258090,3216693181,-0.6700029,-0.46980423,0.075390816
1747569258106,3216709848,-0.6651425,-0.5723678,-0.674428
1747569258123,3216726515,-0.8483437,-0.2957074,-1.2581701
1747569258140,3216743182,-0.8283078,0.033172786,-1.6438494
1747569258156,3216759849,-0.45827046,0.23965155,-1.546216
1747569258173,3216776516,0.015414683,0.18257236,-1.1668711
1747569258190,3216793183,0.46080297,0.09036897,-0.95518494
1747569258206,3216809850,0.57373005,0.2069697,-0.4676466
1747569258223,3216826517,0.62752974,0.03352532,-0.2072897
1747569258240,3216843184,0.72673887,0.13697141,0.41665268
1747569258256,3216859851,1.3471506,0.1779989,0.34163475
1747569258273,3216876518,1.3392142,0.3917877,0.105259895
1747569258290,3216893185,1.3255593,0.7864069,0.5948715
1747569258306,3216909852,1.1060255,0.54334545,0.39870548
1747569258323,3216926519,0.7465079,0.6930998,0.03775978
1747569258340,3216943186,0.3497268,0.88063526,-0.22758675
1747569258356,3216959853,0.3567274,0.85153204,-0.2929678
1747569258373,3216976520,0.1927445,0.5586685,0.33825588
1747569258390,3216993187,0.13900852,-0.02942157,0.61278725
1747569258406,3217009854,-0.014599531,-0.47526455,0.6665125
1747569258423,3217026521,-0.1088441,-0.43991452,0.5355005
1747569258440,3217043188,-0.11354855,-0.38997725,0.21331501
1747569258456,3217059855,-0.03991148,-0.48907295,-0.057418823
1747569258473,3217076522,0.08012559,-0.54095185,-0.3283577
1747569258490,3217093189,0.08560379,-0.49811158,-0.29547215
1747569258506,3217109856,0.034611207,-0.41565105,-0.3235407
1747569258523,3217126523,-0.055288166,-0.37611362,-0.35119534
1747569258540,3217143190,0.03136971,-0.13447712,-0.30078506
1747569258556,3217159857,0.13217427,-0.15194869,-0.26051235
1747569258573,3217176524,0.20515472,-0.26492995,-0.24666023
1747569258590,3217193191,0.107885234,-0.26982573,-0.15373802
1747569258606,3217209858,0.0420505,-0.25621775,-0.14821339
1747569258623,3217226525,-0.008571386,-0.33871388,-0.14343643
1747569258640,3217243192,-0.05393809,-0.25686806,-0.16540432
1747569258656,3217259859,-0.1890648,-0.09706625,-0.24483109
1747569258673,3217276526,-0.15170617,-0.085808136,-0.30952072
1747569258690,3217293193,0.01077433,-0.1679493,-0.31774616
1747569258706,3217309860,0.13403513,-0.2906316,-0.24773979
1747569258723,3217326527,0.06565749,-0.3222478,-0.17084122
1747569258740,3217343194,0.049225375,-0.26947397,-0.120464325
1747569258756,3217359861,-0.046964653,-0.21415772,-0.2208128
1747569258773,3217376528,-0.120166376,-0.19130217,-0.333395
